date,sku,qty,amount,region
2025-01-01,WIDGET-1,4,63.99,west
2025-02-02,WIDGET-PRO,1,83.45,east
2025-03-03,CABLE-USB,5,226.67,north
2025-04-04,DOCK-HDMI,5,342.12,south
2025-05-05,KEYCAP-SET,8,351.82,eu
2025-06-06,INVOICE-PAD,6,342.24,apac
2025-07-07,WIDGET-1,12,561.42,west
2025-08-08,WIDGET-PRO,8,219.96,east
2025-09-09,CABLE-USB,2,68.13,north
2025-10-10,DOCK-HDMI,13,519.19,south
2025-11-11,KEYCAP-SET,12,637.47,eu
2025-12-12,INVOICE-PAD,8,381.57,apac
2025-01-13,WIDGET-1,13,273.91,west
2025-02-14,WIDGET-PRO,8,99.51,east
2025-03-15,CABLE-USB,1,30.86,north
2025-04-16,DOCK-HDMI,10,499.24,south
2025-05-17,KEYCAP-SET,9,105.36,eu
2025-06-18,INVOICE-PAD,6,495.09,apac
2025-07-19,WIDGET-1,7,504.74,west
2025-08-20,WIDGET-PRO,13,97.39,east
2025-09-21,CABLE-USB,12,904.63,north
2025-10-22,DOCK-HDMI,6,285.06,south
2025-11-23,KEYCAP-SET,4,56.59,eu
2025-12-24,INVOICE-PAD,13,275.29,apac
2025-01-25,WIDGET-1,8,510.91,west
2025-02-26,WIDGET-PRO,1,46.59,east
2025-03-27,CABLE-USB,4,219.71,north
2025-04-28,DOCK-HDMI,6,298.14,south
2025-05-01,KEYCAP-SET,3,60.14,eu
2025-06-02,INVOICE-PAD,13,265.37,apac
2025-07-03,WIDGET-1,4,258.55,west
2025-08-04,WIDGET-PRO,3,22.15,east
2025-09-05,CABLE-USB,3,68.20,north
2025-10-06,DOCK-HDMI,2,99.51,south
2025-11-07,KEYCAP-SET,8,610.05,eu
2025-12-08,INVOICE-PAD,11,282.16,apac
2025-01-09,WIDGET-1,5,369.15,west
2025-02-10,WIDGET-PRO,10,818.49,east
2025-03-11,CABLE-USB,7,359.72,north
2025-04-12,DOCK-HDMI,12,398.88,south
2025-05-13,KEYCAP-SET,10,246.27,eu
2025-06-14,INVOICE-PAD,12,1064.47,apac
2025-07-15,WIDGET-1,3,223.55,west
2025-08-16,WIDGET-PRO,5,161.55,east
2025-09-17,CABLE-USB,4,184.43,north
2025-10-18,DOCK-HDMI,1,18.40,south
2025-11-19,KEYCAP-SET,6,57.44,eu
2025-12-20,INVOICE-PAD,4,269.23,apac
2025-01-21,WIDGET-1,6,415.36,west
2025-02-22,WIDGET-PRO,9,590.68,east
2025-03-23,CABLE-USB,3,10.75,north
2025-04-24,DOCK-HDMI,9,585.00,south
2025-05-25,KEYCAP-SET,13,106.36,eu
2025-06-26,INVOICE-PAD,12,235.26,apac
2025-07-27,WIDGET-1,2,93.65,west
2025-08-28,WIDGET-PRO,2,48.36,east
2025-09-01,CABLE-USB,6,246.78,north
2025-10-02,DOCK-HDMI,7,282.47,south
2025-11-03,KEYCAP-SET,6,153.02,eu
2025-12-04,INVOICE-PAD,5,45.11,apac
2025-01-05,WIDGET-1,6,101.40,west
2025-02-06,WIDGET-PRO,3,19.30,east
2025-03-07,CABLE-USB,5,391.18,north
2025-04-08,DOCK-HDMI,4,73.99,south
2025-05-09,KEYCAP-SET,11,670.98,eu
2025-06-10,INVOICE-PAD,10,889.07,apac
2025-07-11,WIDGET-1,5,307.35,west
2025-08-12,WIDGET-PRO,6,353.82,east
2025-09-13,CABLE-USB,4,289.14,north
2025-10-14,DOCK-HDMI,13,348.28,south
2025-11-15,KEYCAP-SET,10,449.20,eu
2025-12-16,INVOICE-PAD,8,230.69,apac
2025-01-17,WIDGET-1,11,271.54,west
2025-02-18,WIDGET-PRO,2,107.43,east
2025-03-19,CABLE-USB,5,415.14,north
2025-04-20,DOCK-HDMI,4,290.44,south
2025-05-21,KEYCAP-SET,6,143.54,eu
2025-06-22,INVOICE-PAD,7,453.42,apac
2025-07-23,WIDGET-1,4,314.63,west
2025-08-24,WIDGET-PRO,9,782.21,east
2025-09-25,CABLE-USB,13,702.92,north
2025-10-26,DOCK-HDMI,6,81.24,south
2025-11-27,KEYCAP-SET,2,114.08,eu
2025-12-28,INVOICE-PAD,7,445.60,apac
2025-01-01,WIDGET-1,12,885.37,west
2025-02-02,WIDGET-PRO,11,278.34,east
2025-03-03,CABLE-USB,3,256.27,north
2025-04-04,DOCK-HDMI,12,674.41,south
2025-05-05,KEYCAP-SET,7,33.71,eu
2025-06-06,INVOICE-PAD,13,461.27,apac
2025-07-07,WIDGET-1,3,221.86,west
2025-08-08,WIDGET-PRO,6,26.43,east
2025-09-09,CABLE-USB,8,591.21,north
2025-10-10,DOCK-HDMI,3,186.58,south
2025-11-11,KEYCAP-SET,8,406.80,eu
2025-12-12,INVOICE-PAD,4,50.31,apac
2025-01-13,WIDGET-1,13,137.42,west
2025-02-14,WIDGET-PRO,13,1120.95,east
2025-03-15,CABLE-USB,1,21.85,north
2025-04-16,DOCK-HDMI,1,45.49,south
2025-05-17,KEYCAP-SET,4,68.28,eu
2025-06-18,INVOICE-PAD,13,499.61,apac
2025-07-19,WIDGET-1,9,643.55,west
2025-08-20,WIDGET-PRO,2,157.56,east
2025-09-21,CABLE-USB,1,6.97,north
2025-10-22,DOCK-HDMI,8,172.00,south
2025-11-23,KEYCAP-SET,10,716.92,eu
2025-12-24,INVOICE-PAD,11,937.51,apac
2025-01-25,WIDGET-1,13,317.51,west
2025-02-26,WIDGET-PRO,6,125.70,east
2025-03-27,CABLE-USB,7,523.97,north
2025-04-28,DOCK-HDMI,1,51.06,south
2025-05-01,KEYCAP-SET,3,266.98,eu
2025-06-02,INVOICE-PAD,10,331.81,apac
2025-07-03,WIDGET-1,5,260.58,west
2025-08-04,WIDGET-PRO,12,1047.64,east
2025-09-05,CABLE-USB,3,108.90,north
2025-10-06,DOCK-HDMI,11,159.36,south
2025-11-07,KEYCAP-SET,7,344.91,eu
2025-12-08,INVOICE-PAD,1,70.41,apac
2025-01-09,WIDGET-1,10,57.33,west
2025-02-10,WIDGET-PRO,6,383.32,east
2025-03-11,CABLE-USB,10,345.49,north
2025-04-12,DOCK-HDMI,2,105.72,south
2025-05-13,KEYCAP-SET,13,240.41,eu
2025-06-14,INVOICE-PAD,8,174.52,apac
2025-07-15,WIDGET-1,8,362.42,west
2025-08-16,WIDGET-PRO,4,44.19,east
2025-09-17,CABLE-USB,2,90.78,north
2025-10-18,DOCK-HDMI,6,88.06,south
2025-11-19,KEYCAP-SET,3,168.43,eu
2025-12-20,INVOICE-PAD,12,228.89,apac
2025-01-21,WIDGET-1,5,411.34,west
2025-02-22,WIDGET-PRO,5,171.74,east
2025-03-23,CABLE-USB,11,679.58,north
2025-04-24,DOCK-HDMI,1,6.58,south
2025-05-25,KEYCAP-SET,4,344.85,eu
2025-06-26,INVOICE-PAD,11,354.80,apac
2025-07-27,WIDGET-1,13,602.11,west
2025-08-28,WIDGET-PRO,11,781.82,east
2025-09-01,CABLE-USB,12,236.27,north
2025-10-02,DOCK-HDMI,10,475.48,south
2025-11-03,KEYCAP-SET,7,239.16,eu
2025-12-04,INVOICE-PAD,8,60.91,apac
2025-01-05,WIDGET-1,11,537.67,west
2025-02-06,WIDGET-PRO,5,377.35,east
2025-03-07,CABLE-USB,13,107.68,north
2025-04-08,DOCK-HDMI,7,365.61,south
2025-05-09,KEYCAP-SET,12,641.69,eu
2025-06-10,INVOICE-PAD,5,262.68,apac
2025-07-11,WIDGET-1,1,63.56,west
2025-08-12,WIDGET-PRO,11,908.57,east
2025-09-13,CABLE-USB,13,1084.35,north
2025-10-14,DOCK-HDMI,2,19.48,south
2025-11-15,KEYCAP-SET,4,61.91,eu
2025-12-16,INVOICE-PAD,2,81.85,apac
2025-01-17,WIDGET-1,8,638.30,west
2025-02-18,WIDGET-PRO,13,179.76,east
2025-03-19,CABLE-USB,5,271.75,north
2025-04-20,DOCK-HDMI,4,303.94,south
2025-05-21,KEYCAP-SET,11,494.36,eu
2025-06-22,INVOICE-PAD,12,981.85,apac
2025-07-23,WIDGET-1,2,170.57,west
2025-08-24,WIDGET-PRO,13,439.72,east
2025-09-25,CABLE-USB,7,619.11,north
2025-10-26,DOCK-HDMI,3,230.81,south
2025-11-27,KEYCAP-SET,5,151.87,eu
2025-12-28,INVOICE-PAD,4,243.95,apac
2025-01-01,WIDGET-1,8,147.85,west
2025-02-02,WIDGET-PRO,8,433.87,east
2025-03-03,CABLE-USB,5,76.65,north
2025-04-04,DOCK-HDMI,4,321.62,south
2025-05-05,KEYCAP-SET,7,545.53,eu
2025-06-06,INVOICE-PAD,6,483.05,apac
2025-07-07,WIDGET-1,7,256.50,west
2025-08-08,WIDGET-PRO,5,385.30,east
2025-09-09,CABLE-USB,9,233.69,north
2025-10-10,DOCK-HDMI,10,468.52,south
2025-11-11,KEYCAP-SET,10,640.35,eu
2025-12-12,INVOICE-PAD,3,243.64,apac
2025-01-13,WIDGET-1,8,372.65,west
2025-02-14,WIDGET-PRO,4,162.63,east
2025-03-15,CABLE-USB,13,820.12,north
2025-04-16,DOCK-HDMI,5,130.34,south
2025-05-17,KEYCAP-SET,2,127.30,eu
2025-06-18,INVOICE-PAD,6,332.13,apac
2025-07-19,WIDGET-1,7,92.63,west
2025-08-20,WIDGET-PRO,12,204.91,east
2025-09-21,CABLE-USB,5,127.29,north
2025-10-22,DOCK-HDMI,10,59.83,south
2025-11-23,KEYCAP-SET,11,629.38,eu
2025-12-24,INVOICE-PAD,8,347.84,apac
2025-01-25,WIDGET-1,6,348.42,west
2025-02-26,WIDGET-PRO,10,705.52,east
2025-03-27,CABLE-USB,11,128.01,north
2025-04-28,DOCK-HDMI,9,312.89,south
2025-05-01,KEYCAP-SET,11,288.45,eu
2025-06-02,INVOICE-PAD,3,137.98,apac
2025-07-03,WIDGET-1,5,298.97,west
2025-08-04,WIDGET-PRO,9,749.04,east
2025-09-05,CABLE-USB,10,585.98,north
2025-10-06,DOCK-HDMI,4,172.61,south
2025-11-07,KEYCAP-SET,8,451.79,eu
2025-12-08,INVOICE-PAD,3,189.44,apac
2025-01-09,WIDGET-1,5,289.94,west
2025-02-10,WIDGET-PRO,8,383.04,east
2025-03-11,CABLE-USB,4,124.12,north
2025-04-12,DOCK-HDMI,11,563.17,south
2025-05-13,KEYCAP-SET,12,759.61,eu
2025-06-14,INVOICE-PAD,6,516.03,apac
2025-07-15,WIDGET-1,13,452.66,west
2025-08-16,WIDGET-PRO,7,197.87,east
2025-09-17,CABLE-USB,11,644.76,north
2025-10-18,DOCK-HDMI,6,190.50,south
2025-11-19,KEYCAP-SET,3,188.10,eu
2025-12-20,INVOICE-PAD,13,203.31,apac
2025-01-21,WIDGET-1,1,20.81,west
2025-02-22,WIDGET-PRO,5,257.91,east
2025-03-23,CABLE-USB,10,696.64,north
2025-04-24,DOCK-HDMI,6,205.96,south
2025-05-25,KEYCAP-SET,8,232.22,eu
2025-06-26,INVOICE-PAD,2,152.40,apac
2025-07-27,WIDGET-1,8,29.54,west
2025-08-28,WIDGET-PRO,12,244.95,east
2025-09-01,CABLE-USB,9,672.20,north
2025-10-02,DOCK-HDMI,2,113.30,south
2025-11-03,KEYCAP-SET,8,481.90,eu
2025-12-04,INVOICE-PAD,2,70.69,apac
2025-01-05,WIDGET-1,8,36.09,west
2025-02-06,WIDGET-PRO,3,25.86,east
2025-03-07,CABLE-USB,1,48.76,north
2025-04-08,DOCK-HDMI,4,92.88,south
2025-05-09,KEYCAP-SET,13,169.95,eu
2025-06-10,INVOICE-PAD,7,205.53,apac
2025-07-11,WIDGET-1,11,136.11,west
2025-08-12,WIDGET-PRO,2,96.15,east
2025-09-13,CABLE-USB,3,32.45,north
2025-10-14,DOCK-HDMI,9,200.65,south
2025-11-15,KEYCAP-SET,8,281.02,eu
2025-12-16,INVOICE-PAD,7,437.23,apac
2025-01-17,WIDGET-1,7,595.03,west
2025-02-18,WIDGET-PRO,3,192.54,east
2025-03-19,CABLE-USB,4,252.54,north
2025-04-20,DOCK-HDMI,7,47.36,south
2025-05-21,KEYCAP-SET,12,396.54,eu
2025-06-22,INVOICE-PAD,13,1057.14,apac
2025-07-23,WIDGET-1,7,605.12,west
2025-08-24,WIDGET-PRO,9,314.49,east
2025-09-25,CABLE-USB,10,230.40,north
2025-10-26,DOCK-HDMI,13,167.74,south
2025-11-27,KEYCAP-SET,4,16.28,eu
2025-12-28,INVOICE-PAD,12,1046.49,apac
2025-01-01,WIDGET-1,6,521.95,west
2025-02-02,WIDGET-PRO,6,409.36,east
2025-03-03,CABLE-USB,5,366.80,north
2025-04-04,DOCK-HDMI,1,32.15,south
2025-05-05,KEYCAP-SET,3,163.17,eu
2025-06-06,INVOICE-PAD,2,57.99,apac
2025-07-07,WIDGET-1,3,170.54,west
2025-08-08,WIDGET-PRO,1,10.10,east
2025-09-09,CABLE-USB,12,728.72,north
2025-10-10,DOCK-HDMI,11,342.14,south
2025-11-11,KEYCAP-SET,8,461.15,eu
2025-12-12,INVOICE-PAD,3,30.49,apac
2025-01-13,WIDGET-1,10,554.67,west
2025-02-14,WIDGET-PRO,7,67.42,east
2025-03-15,CABLE-USB,11,205.72,north
2025-04-16,DOCK-HDMI,4,154.37,south
2025-05-17,KEYCAP-SET,6,282.55,eu
2025-06-18,INVOICE-PAD,7,94.33,apac
2025-07-19,WIDGET-1,4,47.46,west
2025-08-20,WIDGET-PRO,3,104.57,east
2025-09-21,CABLE-USB,2,108.67,north
2025-10-22,DOCK-HDMI,4,240.17,south
2025-11-23,KEYCAP-SET,7,498.03,eu
2025-12-24,INVOICE-PAD,5,352.82,apac
2025-01-25,WIDGET-1,1,61.68,west
2025-02-26,WIDGET-PRO,4,347.62,east
2025-03-27,CABLE-USB,4,276.12,north
2025-04-28,DOCK-HDMI,9,518.20,south
2025-05-01,KEYCAP-SET,5,60.20,eu
2025-06-02,INVOICE-PAD,11,468.76,apac
2025-07-03,WIDGET-1,13,1101.98,west
2025-08-04,WIDGET-PRO,1,55.62,east
2025-09-05,CABLE-USB,12,149.22,north
2025-10-06,DOCK-HDMI,13,565.25,south
2025-11-07,KEYCAP-SET,10,501.51,eu
2025-12-08,INVOICE-PAD,1,16.13,apac
2025-01-09,WIDGET-1,10,552.90,west
2025-02-10,WIDGET-PRO,11,185.70,east
2025-03-11,CABLE-USB,4,103.93,north
2025-04-12,DOCK-HDMI,6,515.24,south
2025-05-13,KEYCAP-SET,7,37.03,eu
2025-06-14,INVOICE-PAD,9,608.35,apac
2025-07-15,WIDGET-1,7,407.89,west
2025-08-16,WIDGET-PRO,10,718.31,east
2025-09-17,CABLE-USB,12,791.59,north
2025-10-18,DOCK-HDMI,12,542.16,south
2025-11-19,KEYCAP-SET,1,32.47,eu
2025-12-20,INVOICE-PAD,6,354.57,apac
2025-01-21,WIDGET-1,10,499.53,west
2025-02-22,WIDGET-PRO,2,52.41,east
2025-03-23,CABLE-USB,13,1046.76,north
2025-04-24,DOCK-HDMI,12,681.62,south
2025-05-25,KEYCAP-SET,12,592.24,eu
2025-06-26,INVOICE-PAD,5,206.06,apac
2025-07-27,WIDGET-1,9,510.94,west
2025-08-28,WIDGET-PRO,4,254.44,east
2025-09-01,CABLE-USB,3,128.22,north
2025-10-02,DOCK-HDMI,6,328.06,south
2025-11-03,KEYCAP-SET,13,611.13,eu
2025-12-04,INVOICE-PAD,12,405.59,apac
2025-01-05,WIDGET-1,11,597.45,west
2025-02-06,WIDGET-PRO,12,221.44,east
2025-03-07,CABLE-USB,9,382.54,north
2025-04-08,DOCK-HDMI,1,39.33,south
2025-05-09,KEYCAP-SET,5,278.94,eu
2025-06-10,INVOICE-PAD,1,69.58,apac
2025-07-11,WIDGET-1,5,137.39,west
2025-08-12,WIDGET-PRO,4,306.68,east
2025-09-13,CABLE-USB,8,66.89,north
2025-10-14,DOCK-HDMI,2,86.86,south
2025-11-15,KEYCAP-SET,7,578.69,eu
2025-12-16,INVOICE-PAD,4,136.11,apac
2025-01-17,WIDGET-1,9,312.62,west
2025-02-18,WIDGET-PRO,3,93.08,east
2025-03-19,CABLE-USB,9,499.76,north
2025-04-20,DOCK-HDMI,13,985.79,south
2025-05-21,KEYCAP-SET,8,384.05,eu
2025-06-22,INVOICE-PAD,8,695.38,apac
2025-07-23,WIDGET-1,10,794.05,west
2025-08-24,WIDGET-PRO,4,278.47,east
2025-09-25,CABLE-USB,12,446.85,north
2025-10-26,DOCK-HDMI,12,686.45,south
2025-11-27,KEYCAP-SET,4,108.76,eu
2025-12-28,INVOICE-PAD,12,874.52,apac
2025-01-01,WIDGET-1,1,78.28,west
2025-02-02,WIDGET-PRO,10,759.21,east
2025-03-03,CABLE-USB,13,595.03,north
2025-04-04,DOCK-HDMI,13,733.33,south
2025-05-05,KEYCAP-SET,11,925.75,eu
2025-06-06,INVOICE-PAD,9,733.08,apac
2025-07-07,WIDGET-1,1,37.41,west
2025-08-08,WIDGET-PRO,5,63.19,east
2025-09-09,CABLE-USB,7,96.77,north
2025-10-10,DOCK-HDMI,1,61.54,south
2025-11-11,KEYCAP-SET,4,144.74,eu
2025-12-12,INVOICE-PAD,11,963.80,apac
2025-01-13,WIDGET-1,12,756.54,west
2025-02-14,WIDGET-PRO,11,62.79,east
2025-03-15,CABLE-USB,11,959.45,north
2025-04-16,DOCK-HDMI,8,363.57,south
2025-05-17,KEYCAP-SET,2,139.91,eu
2025-06-18,INVOICE-PAD,3,95.23,apac
2025-07-19,WIDGET-1,12,994.48,west
2025-08-20,WIDGET-PRO,11,665.52,east
2025-09-21,CABLE-USB,2,127.46,north
2025-10-22,DOCK-HDMI,2,110.56,south
2025-11-23,KEYCAP-SET,3,152.39,eu
2025-12-24,INVOICE-PAD,5,350.16,apac
2025-01-25,WIDGET-1,9,689.62,west
2025-02-26,WIDGET-PRO,9,475.22,east
2025-03-27,CABLE-USB,4,283.72,north
2025-04-28,DOCK-HDMI,9,197.95,south
2025-05-01,KEYCAP-SET,9,96.60,eu
2025-06-02,INVOICE-PAD,1,31.20,apac
2025-07-03,WIDGET-1,10,809.59,west
2025-08-04,WIDGET-PRO,13,261.76,east
2025-09-05,CABLE-USB,1,23.77,north
2025-10-06,DOCK-HDMI,6,82.68,south
2025-11-07,KEYCAP-SET,13,800.41,eu
2025-12-08,INVOICE-PAD,10,93.01,apac
2025-01-09,WIDGET-1,11,148.91,west
2025-02-10,WIDGET-PRO,7,512.94,east
2025-03-11,CABLE-USB,4,167.83,north
2025-04-12,DOCK-HDMI,13,389.72,south
2025-05-13,KEYCAP-SET,7,477.91,eu
2025-06-14,INVOICE-PAD,5,271.63,apac
2025-07-15,WIDGET-1,7,382.50,west
2025-08-16,WIDGET-PRO,1,48.89,east
2025-09-17,CABLE-USB,5,50.66,north
2025-10-18,DOCK-HDMI,10,183.27,south
2025-11-19,KEYCAP-SET,10,880.00,eu
2025-12-20,INVOICE-PAD,2,104.00,apac
2025-01-21,WIDGET-1,13,924.13,west
2025-02-22,WIDGET-PRO,5,48.64,east
2025-03-23,CABLE-USB,1,38.21,north
2025-04-24,DOCK-HDMI,2,120.54,south
2025-05-25,KEYCAP-SET,12,1037.22,eu
2025-06-26,INVOICE-PAD,4,83.49,apac
2025-07-27,WIDGET-1,5,218.53,west
2025-08-28,WIDGET-PRO,12,198.83,east
2025-09-01,CABLE-USB,6,317.88,north
2025-10-02,DOCK-HDMI,10,687.53,south
2025-11-03,KEYCAP-SET,4,333.44,eu
2025-12-04,INVOICE-PAD,5,298.24,apac
2025-01-05,WIDGET-1,9,289.73,west
2025-02-06,WIDGET-PRO,1,5.82,east
2025-03-07,CABLE-USB,13,1087.95,north
2025-04-08,DOCK-HDMI,6,309.38,south
2025-05-09,KEYCAP-SET,7,44.15,eu
2025-06-10,INVOICE-PAD,7,224.86,apac
2025-07-11,WIDGET-1,4,55.77,west
2025-08-12,WIDGET-PRO,8,116.25,east
2025-09-13,CABLE-USB,8,465.59,north
2025-10-14,DOCK-HDMI,10,644.96,south
2025-11-15,KEYCAP-SET,6,109.70,eu
2025-12-16,INVOICE-PAD,4,324.58,apac
2025-01-17,WIDGET-1,10,250.26,west
2025-02-18,WIDGET-PRO,8,494.83,east
2025-03-19,CABLE-USB,10,106.31,north
2025-04-20,DOCK-HDMI,12,200.39,south
2025-05-21,KEYCAP-SET,13,407.69,eu
2025-06-22,INVOICE-PAD,6,143.04,apac
2025-07-23,WIDGET-1,2,12.42,west
2025-08-24,WIDGET-PRO,1,87.46,east
2025-09-25,CABLE-USB,12,477.58,north
2025-10-26,DOCK-HDMI,2,138.49,south
2025-11-27,KEYCAP-SET,1,50.54,eu
2025-12-28,INVOICE-PAD,13,688.39,apac
2025-01-01,WIDGET-1,1,32.31,west
2025-02-02,WIDGET-PRO,12,354.44,east
2025-03-03,CABLE-USB,6,345.38,north
2025-04-04,DOCK-HDMI,8,466.05,south
2025-05-05,KEYCAP-SET,13,869.88,eu
2025-06-06,INVOICE-PAD,8,43.35,apac
2025-07-07,WIDGET-1,5,179.08,west
2025-08-08,WIDGET-PRO,10,42.10,east
2025-09-09,CABLE-USB,1,37.03,north
2025-10-10,DOCK-HDMI,4,191.88,south
2025-11-11,KEYCAP-SET,5,352.79,eu
2025-12-12,INVOICE-PAD,6,47.44,apac
2025-01-13,WIDGET-1,7,555.06,west
2025-02-14,WIDGET-PRO,6,53.43,east
2025-03-15,CABLE-USB,6,40.59,north
2025-04-16,DOCK-HDMI,2,58.09,south
2025-05-17,KEYCAP-SET,6,266.37,eu
2025-06-18,INVOICE-PAD,12,949.22,apac
2025-07-19,WIDGET-1,1,82.77,west
2025-08-20,WIDGET-PRO,12,1048.89,east
2025-09-21,CABLE-USB,2,58.57,north
2025-10-22,DOCK-HDMI,2,163.71,south
2025-11-23,KEYCAP-SET,2,88.37,eu
2025-12-24,INVOICE-PAD,4,14.49,apac
2025-01-25,WIDGET-1,7,91.77,west
2025-02-26,WIDGET-PRO,1,81.16,east
2025-03-27,CABLE-USB,3,101.27,north
2025-04-28,DOCK-HDMI,12,808.41,south
2025-05-01,KEYCAP-SET,1,13.44,eu
2025-06-02,INVOICE-PAD,2,92.68,apac
2025-07-03,WIDGET-1,10,565.16,west
2025-08-04,WIDGET-PRO,2,146.93,east
2025-09-05,CABLE-USB,11,127.61,north
2025-10-06,DOCK-HDMI,8,397.85,south
2025-11-07,KEYCAP-SET,10,44.68,eu
2025-12-08,INVOICE-PAD,11,926.25,apac
2025-01-09,WIDGET-1,2,121.98,west
2025-02-10,WIDGET-PRO,7,264.07,east
2025-03-11,CABLE-USB,5,431.07,north
2025-04-12,DOCK-HDMI,8,669.78,south
2025-05-13,KEYCAP-SET,7,239.33,eu
2025-06-14,INVOICE-PAD,3,216.31,apac
2025-07-15,WIDGET-1,10,715.65,west
2025-08-16,WIDGET-PRO,13,690.74,east
2025-09-17,CABLE-USB,13,291.11,north
2025-10-18,DOCK-HDMI,8,103.29,south
2025-11-19,KEYCAP-SET,6,531.36,eu
2025-12-20,INVOICE-PAD,13,629.60,apac
2025-01-21,WIDGET-1,6,430.37,west
2025-02-22,WIDGET-PRO,3,218.99,east
2025-03-23,CABLE-USB,4,84.02,north
2025-04-24,DOCK-HDMI,8,476.21,south
2025-05-25,KEYCAP-SET,6,427.03,eu
2025-06-26,INVOICE-PAD,2,142.79,apac
2025-07-27,WIDGET-1,11,953.27,west
2025-08-28,WIDGET-PRO,13,931.88,east
2025-09-01,CABLE-USB,8,594.90,north
2025-10-02,DOCK-HDMI,5,433.02,south
2025-11-03,KEYCAP-SET,4,49.98,eu
2025-12-04,INVOICE-PAD,1,35.69,apac
2025-01-05,WIDGET-1,4,162.95,west
2025-02-06,WIDGET-PRO,11,117.05,east
2025-03-07,CABLE-USB,3,94.91,north
2025-04-08,DOCK-HDMI,5,190.60,south
2025-05-09,KEYCAP-SET,9,717.96,eu
2025-06-10,INVOICE-PAD,3,42.85,apac
2025-07-11,WIDGET-1,7,115.23,west
2025-08-12,WIDGET-PRO,5,276.33,east
2025-09-13,CABLE-USB,7,241.70,north
2025-10-14,DOCK-HDMI,6,281.16,south
2025-11-15,KEYCAP-SET,11,721.25,eu
2025-12-16,INVOICE-PAD,11,637.23,apac
2025-01-17,WIDGET-1,1,74.13,west
2025-02-18,WIDGET-PRO,10,147.17,east
2025-03-19,CABLE-USB,13,765.28,north
2025-04-20,DOCK-HDMI,12,263.51,south
2025-05-21,KEYCAP-SET,7,601.92,eu
2025-06-22,INVOICE-PAD,9,794.43,apac
2025-07-23,WIDGET-1,4,106.20,west
2025-08-24,WIDGET-PRO,6,259.22,east
2025-09-25,CABLE-USB,10,315.23,north
2025-10-26,DOCK-HDMI,5,292.63,south
2025-11-27,KEYCAP-SET,1,26.28,eu
2025-12-28,INVOICE-PAD,12,111.82,apac
2025-01-01,WIDGET-1,8,387.13,west
2025-02-02,WIDGET-PRO,3,119.44,east
2025-03-03,CABLE-USB,4,243.15,north
2025-04-04,DOCK-HDMI,10,169.22,south
2025-05-05,KEYCAP-SET,7,96.49,eu
2025-06-06,INVOICE-PAD,4,245.42,apac
2025-07-07,WIDGET-1,6,143.74,west
2025-08-08,WIDGET-PRO,5,340.71,east
2025-09-09,CABLE-USB,1,48.52,north
2025-10-10,DOCK-HDMI,4,57.88,south
2025-11-11,KEYCAP-SET,5,91.45,eu
2025-12-12,INVOICE-PAD,9,94.85,apac
2025-01-13,WIDGET-1,13,447.10,west
2025-02-14,WIDGET-PRO,5,262.36,east
2025-03-15,CABLE-USB,2,115.23,north
2025-04-16,DOCK-HDMI,4,49.96,south
2025-05-17,KEYCAP-SET,12,968.94,eu
2025-06-18,INVOICE-PAD,12,695.53,apac
2025-07-19,WIDGET-1,11,280.40,west
2025-08-20,WIDGET-PRO,13,847.53,east
2025-09-21,CABLE-USB,5,56.57,north
2025-10-22,DOCK-HDMI,13,939.19,south
2025-11-23,KEYCAP-SET,8,63.44,eu
2025-12-24,INVOICE-PAD,7,204.69,apac
2025-01-25,WIDGET-1,8,296.01,west
2025-02-26,WIDGET-PRO,3,16.21,east
2025-03-27,CABLE-USB,1,26.35,north
2025-04-28,DOCK-HDMI,11,134.54,south
2025-05-01,KEYCAP-SET,10,149.92,eu
2025-06-02,INVOICE-PAD,12,200.57,apac
2025-07-03,WIDGET-1,9,236.11,west
2025-08-04,WIDGET-PRO,10,507.72,east
2025-09-05,CABLE-USB,5,70.30,north
2025-10-06,DOCK-HDMI,12,71.68,south
2025-11-07,KEYCAP-SET,12,222.08,eu
2025-12-08,INVOICE-PAD,6,292.70,apac
2025-01-09,WIDGET-1,6,54.15,west
2025-02-10,WIDGET-PRO,9,669.77,east
2025-03-11,CABLE-USB,8,177.46,north
2025-04-12,DOCK-HDMI,8,651.36,south
2025-05-13,KEYCAP-SET,2,10.17,eu
2025-06-14,INVOICE-PAD,5,346.50,apac
2025-07-15,WIDGET-1,9,661.45,west
2025-08-16,WIDGET-PRO,1,24.63,east
2025-09-17,CABLE-USB,1,63.65,north
2025-10-18,DOCK-HDMI,6,242.15,south
2025-11-19,KEYCAP-SET,2,49.11,eu
2025-12-20,INVOICE-PAD,6,136.46,apac
2025-01-21,WIDGET-1,7,438.69,west
2025-02-22,WIDGET-PRO,8,625.98,east
2025-03-23,CABLE-USB,5,279.82,north
2025-04-24,DOCK-HDMI,4,305.84,south
2025-05-25,KEYCAP-SET,3,130.33,eu
2025-06-26,INVOICE-PAD,8,438.50,apac
2025-07-27,WIDGET-1,7,309.97,west
2025-08-28,WIDGET-PRO,11,638.60,east
2025-09-01,CABLE-USB,5,265.71,north
2025-10-02,DOCK-HDMI,13,332.28,south
2025-11-03,KEYCAP-SET,11,257.60,eu
2025-12-04,INVOICE-PAD,5,65.65,apac
2025-01-05,WIDGET-1,7,534.28,west
2025-02-06,WIDGET-PRO,2,42.95,east
2025-03-07,CABLE-USB,3,197.96,north
2025-04-08,DOCK-HDMI,1,17.35,south
2025-05-09,KEYCAP-SET,8,220.35,eu
2025-06-10,INVOICE-PAD,4,169.21,apac
2025-07-11,WIDGET-1,3,103.05,west
2025-08-12,WIDGET-PRO,5,45.92,east
2025-09-13,CABLE-USB,12,399.22,north
2025-10-14,DOCK-HDMI,8,449.04,south
2025-11-15,KEYCAP-SET,2,76.70,eu
2025-12-16,INVOICE-PAD,11,642.78,apac
2025-01-17,WIDGET-1,8,264.97,west
2025-02-18,WIDGET-PRO,8,289.41,east
2025-03-19,CABLE-USB,2,22.70,north
2025-04-20,DOCK-HDMI,2,40.74,south
2025-05-21,KEYCAP-SET,12,949.54,eu
2025-06-22,INVOICE-PAD,13,724.00,apac
2025-07-23,WIDGET-1,13,77.23,west
2025-08-24,WIDGET-PRO,12,982.12,east
2025-09-25,CABLE-USB,1,47.57,north
2025-10-26,DOCK-HDMI,13,435.78,south
2025-11-27,KEYCAP-SET,5,141.34,eu
2025-12-28,INVOICE-PAD,8,234.81,apac
2025-01-01,WIDGET-1,11,793.10,west
2025-02-02,WIDGET-PRO,12,664.14,east
2025-03-03,CABLE-USB,6,218.57,north
2025-04-04,DOCK-HDMI,10,680.46,south
2025-05-05,KEYCAP-SET,5,262.56,eu
2025-06-06,INVOICE-PAD,9,246.41,apac
2025-07-07,WIDGET-1,6,371.57,west
2025-08-08,WIDGET-PRO,9,692.09,east
2025-09-09,CABLE-USB,12,550.82,north
2025-10-10,DOCK-HDMI,4,62.27,south
2025-11-11,KEYCAP-SET,5,132.85,eu
2025-12-12,INVOICE-PAD,8,435.40,apac
2025-01-13,WIDGET-1,13,982.01,west
2025-02-14,WIDGET-PRO,12,465.22,east
2025-03-15,CABLE-USB,12,650.30,north
2025-04-16,DOCK-HDMI,5,81.43,south
2025-05-17,KEYCAP-SET,9,763.21,eu
2025-06-18,INVOICE-PAD,5,91.08,apac
2025-07-19,WIDGET-1,13,178.69,west
2025-08-20,WIDGET-PRO,12,331.88,east
2025-09-21,CABLE-USB,7,38.22,north
2025-10-22,DOCK-HDMI,9,625.71,south
2025-11-23,KEYCAP-SET,1,38.43,eu
2025-12-24,INVOICE-PAD,11,282.15,apac
2025-01-25,WIDGET-1,7,544.11,west
2025-02-26,WIDGET-PRO,1,80.85,east
2025-03-27,CABLE-USB,8,76.51,north
2025-04-28,DOCK-HDMI,6,269.29,south
2025-05-01,KEYCAP-SET,7,320.88,eu
2025-06-02,INVOICE-PAD,7,209.40,apac
2025-07-03,WIDGET-1,9,705.01,west
2025-08-04,WIDGET-PRO,11,199.01,east
2025-09-05,CABLE-USB,7,425.25,north
2025-10-06,DOCK-HDMI,10,585.87,south
2025-11-07,KEYCAP-SET,6,426.84,eu
2025-12-08,INVOICE-PAD,3,258.79,apac
2025-01-09,WIDGET-1,7,404.11,west
2025-02-10,WIDGET-PRO,8,135.71,east
2025-03-11,CABLE-USB,13,101.56,north
2025-04-12,DOCK-HDMI,10,709.64,south
2025-05-13,KEYCAP-SET,4,124.23,eu
2025-06-14,INVOICE-PAD,10,219.02,apac
2025-07-15,WIDGET-1,13,1110.87,west
2025-08-16,WIDGET-PRO,6,246.49,east
2025-09-17,CABLE-USB,4,235.40,north
2025-10-18,DOCK-HDMI,10,121.29,south
2025-11-19,KEYCAP-SET,3,55.77,eu
2025-12-20,INVOICE-PAD,12,432.94,apac
2025-01-21,WIDGET-1,12,562.95,west
2025-02-22,WIDGET-PRO,7,210.97,east
2025-03-23,CABLE-USB,8,67.09,north
2025-04-24,DOCK-HDMI,7,613.77,south
2025-05-25,KEYCAP-SET,9,640.60,eu
2025-06-26,INVOICE-PAD,4,91.85,apac
2025-07-27,WIDGET-1,4,84.87,west
2025-08-28,WIDGET-PRO,9,90.40,east
2025-09-01,CABLE-USB,9,496.96,north
2025-10-02,DOCK-HDMI,11,765.55,south
2025-11-03,KEYCAP-SET,6,266.96,eu
2025-12-04,INVOICE-PAD,12,113.27,apac
2025-01-05,WIDGET-1,6,80.06,west
2025-02-06,WIDGET-PRO,11,318.94,east
2025-03-07,CABLE-USB,11,392.78,north
2025-04-08,DOCK-HDMI,6,510.11,south
2025-05-09,KEYCAP-SET,4,50.28,eu
2025-06-10,INVOICE-PAD,1,58.26,apac
2025-07-11,WIDGET-1,6,259.27,west
2025-08-12,WIDGET-PRO,8,256.90,east
2025-09-13,CABLE-USB,10,231.27,north
2025-10-14,DOCK-HDMI,2,74.45,south
2025-11-15,KEYCAP-SET,3,99.39,eu
2025-12-16,INVOICE-PAD,2,9.14,apac
2025-01-17,WIDGET-1,6,52.10,west
2025-02-18,WIDGET-PRO,7,273.33,east
2025-03-19,CABLE-USB,4,220.29,north
2025-04-20,DOCK-HDMI,2,134.40,south
2025-05-21,KEYCAP-SET,12,680.21,eu
2025-06-22,INVOICE-PAD,11,155.15,apac
2025-07-23,WIDGET-1,4,141.78,west
2025-08-24,WIDGET-PRO,8,294.79,east
2025-09-25,CABLE-USB,9,145.84,north
2025-10-26,DOCK-HDMI,9,722.28,south
2025-11-27,KEYCAP-SET,3,161.07,eu
2025-12-28,INVOICE-PAD,2,13.18,apac
2025-01-01,WIDGET-1,7,234.79,west
2025-02-02,WIDGET-PRO,3,23.43,east
2025-03-03,CABLE-USB,5,307.33,north
2025-04-04,DOCK-HDMI,8,169.88,south
2025-05-05,KEYCAP-SET,7,345.84,eu
2025-06-06,INVOICE-PAD,1,22.87,apac
2025-07-07,WIDGET-1,7,113.47,west
2025-08-08,WIDGET-PRO,13,876.23,east
2025-09-09,CABLE-USB,13,545.59,north
2025-10-10,DOCK-HDMI,4,351.53,south
2025-11-11,KEYCAP-SET,3,238.85,eu
2025-12-12,INVOICE-PAD,6,501.22,apac
2025-01-13,WIDGET-1,7,509.08,west
2025-02-14,WIDGET-PRO,13,121.41,east
2025-03-15,CABLE-USB,5,23.13,north
2025-04-16,DOCK-HDMI,1,51.63,south
2025-05-17,KEYCAP-SET,7,299.79,eu
2025-06-18,INVOICE-PAD,4,176.09,apac
2025-07-19,WIDGET-1,3,58.63,west
2025-08-20,WIDGET-PRO,8,97.03,east
2025-09-21,CABLE-USB,6,491.76,north
2025-10-22,DOCK-HDMI,2,40.25,south
2025-11-23,KEYCAP-SET,9,56.15,eu
2025-12-24,INVOICE-PAD,4,194.44,apac
2025-01-25,WIDGET-1,8,423.34,west
2025-02-26,WIDGET-PRO,7,90.87,east
2025-03-27,CABLE-USB,2,159.92,north
2025-04-28,DOCK-HDMI,3,112.02,south
2025-05-01,KEYCAP-SET,8,474.92,eu
2025-06-02,INVOICE-PAD,12,598.12,apac
2025-07-03,WIDGET-1,6,76.28,west
2025-08-04,WIDGET-PRO,2,114.47,east
2025-09-05,CABLE-USB,4,163.97,north
2025-10-06,DOCK-HDMI,13,1055.81,south
2025-11-07,KEYCAP-SET,6,317.78,eu
2025-12-08,INVOICE-PAD,13,1044.25,apac
2025-01-09,WIDGET-1,1,82.71,west
2025-02-10,WIDGET-PRO,11,219.34,east
2025-03-11,CABLE-USB,6,508.16,north
2025-04-12,DOCK-HDMI,1,70.44,south
2025-05-13,KEYCAP-SET,6,45.15,eu
2025-06-14,INVOICE-PAD,4,236.90,apac
2025-07-15,WIDGET-1,12,362.70,west
2025-08-16,WIDGET-PRO,1,13.54,east
2025-09-17,CABLE-USB,6,501.58,north
2025-10-18,DOCK-HDMI,8,368.38,south
2025-11-19,KEYCAP-SET,3,45.70,eu
2025-12-20,INVOICE-PAD,12,428.85,apac
2025-01-21,WIDGET-1,6,44.78,west
2025-02-22,WIDGET-PRO,5,253.09,east
2025-03-23,CABLE-USB,7,175.83,north
2025-04-24,DOCK-HDMI,2,10.04,south
2025-05-25,KEYCAP-SET,5,311.14,eu
2025-06-26,INVOICE-PAD,6,373.49,apac
2025-07-27,WIDGET-1,5,333.59,west
2025-08-28,WIDGET-PRO,11,801.34,east
2025-09-01,CABLE-USB,6,293.64,north
2025-10-02,DOCK-HDMI,12,917.71,south
2025-11-03,KEYCAP-SET,7,356.39,eu
2025-12-04,INVOICE-PAD,6,144.86,apac
2025-01-05,WIDGET-1,1,69.90,west
2025-02-06,WIDGET-PRO,10,60.76,east
2025-03-07,CABLE-USB,13,442.67,north
2025-04-08,DOCK-HDMI,8,297.87,south
2025-05-09,KEYCAP-SET,8,357.14,eu
2025-06-10,INVOICE-PAD,11,962.51,apac
2025-07-11,WIDGET-1,6,373.19,west
2025-08-12,WIDGET-PRO,10,367.35,east
2025-09-13,CABLE-USB,11,421.04,north
2025-10-14,DOCK-HDMI,5,50.19,south
2025-11-15,KEYCAP-SET,6,260.85,eu
2025-12-16,INVOICE-PAD,4,284.34,apac
2025-01-17,WIDGET-1,12,637.20,west
2025-02-18,WIDGET-PRO,6,312.96,east
2025-03-19,CABLE-USB,3,26.17,north
2025-04-20,DOCK-HDMI,10,145.28,south
2025-05-21,KEYCAP-SET,11,805.71,eu
2025-06-22,INVOICE-PAD,8,606.96,apac
2025-07-23,WIDGET-1,13,1045.37,west
2025-08-24,WIDGET-PRO,8,565.15,east
2025-09-25,CABLE-USB,2,47.76,north
2025-10-26,DOCK-HDMI,5,31.89,south
2025-11-27,KEYCAP-SET,10,833.32,eu
2025-12-28,INVOICE-PAD,1,55.61,apac
2025-01-01,WIDGET-1,13,844.59,west
2025-02-02,WIDGET-PRO,6,443.75,east
2025-03-03,CABLE-USB,9,438.34,north
2025-04-04,DOCK-HDMI,13,769.80,south
2025-05-05,KEYCAP-SET,3,118.59,eu
2025-06-06,INVOICE-PAD,12,684.47,apac
2025-07-07,WIDGET-1,8,514.46,west
2025-08-08,WIDGET-PRO,7,267.04,east
2025-09-09,CABLE-USB,8,649.76,north
2025-10-10,DOCK-HDMI,6,160.48,south
2025-11-11,KEYCAP-SET,5,344.41,eu
2025-12-12,INVOICE-PAD,6,329.38,apac
2025-01-13,WIDGET-1,1,18.36,west
2025-02-14,WIDGET-PRO,8,232.37,east
2025-03-15,CABLE-USB,5,274.46,north
2025-04-16,DOCK-HDMI,6,471.61,south
2025-05-17,KEYCAP-SET,9,643.18,eu
2025-06-18,INVOICE-PAD,3,262.23,apac
2025-07-19,WIDGET-1,10,658.65,west
2025-08-20,WIDGET-PRO,8,65.56,east
2025-09-21,CABLE-USB,5,386.23,north
2025-10-22,DOCK-HDMI,5,93.41,south
2025-11-23,KEYCAP-SET,7,574.39,eu
2025-12-24,INVOICE-PAD,7,434.03,apac
2025-01-25,WIDGET-1,10,327.34,west
2025-02-26,WIDGET-PRO,8,44.01,east
2025-03-27,CABLE-USB,8,241.72,north
2025-04-28,DOCK-HDMI,6,405.63,south
2025-05-01,KEYCAP-SET,8,390.99,eu
2025-06-02,INVOICE-PAD,4,154.45,apac
2025-07-03,WIDGET-1,8,31.53,west
2025-08-04,WIDGET-PRO,2,94.35,east
2025-09-05,CABLE-USB,8,514.75,north
2025-10-06,DOCK-HDMI,8,247.75,south
2025-11-07,KEYCAP-SET,13,864.51,eu
2025-12-08,INVOICE-PAD,11,874.41,apac
2025-01-09,WIDGET-1,8,128.64,west
2025-02-10,WIDGET-PRO,1,73.34,east
2025-03-11,CABLE-USB,4,271.09,north
2025-04-12,DOCK-HDMI,10,395.99,south
2025-05-13,KEYCAP-SET,9,90.78,eu
2025-06-14,INVOICE-PAD,10,37.96,apac
2025-07-15,WIDGET-1,9,714.54,west
2025-08-16,WIDGET-PRO,1,7.17,east
2025-09-17,CABLE-USB,3,63.78,north
2025-10-18,DOCK-HDMI,8,201.04,south
2025-11-19,KEYCAP-SET,12,741.43,eu
2025-12-20,INVOICE-PAD,5,218.57,apac
2025-01-21,WIDGET-1,8,407.74,west
2025-02-22,WIDGET-PRO,8,186.97,east
2025-03-23,CABLE-USB,10,644.06,north
2025-04-24,DOCK-HDMI,5,210.17,south
2025-05-25,KEYCAP-SET,3,13.75,eu
2025-06-26,INVOICE-PAD,2,91.33,apac
2025-07-27,WIDGET-1,11,181.62,west
2025-08-28,WIDGET-PRO,2,120.59,east
2025-09-01,CABLE-USB,1,48.61,north
2025-10-02,DOCK-HDMI,8,321.72,south
2025-11-03,KEYCAP-SET,7,281.10,eu
2025-12-04,INVOICE-PAD,8,428.11,apac
2025-01-05,WIDGET-1,8,68.92,west
2025-02-06,WIDGET-PRO,7,355.85,east
2025-03-07,CABLE-USB,5,112.75,north
2025-04-08,DOCK-HDMI,9,706.55,south
2025-05-09,KEYCAP-SET,8,367.43,eu
2025-06-10,INVOICE-PAD,9,503.99,apac
2025-07-11,WIDGET-1,13,1092.88,west
2025-08-12,WIDGET-PRO,12,496.46,east
2025-09-13,CABLE-USB,9,97.37,north
2025-10-14,DOCK-HDMI,1,84.08,south
2025-11-15,KEYCAP-SET,2,129.30,eu
2025-12-16,INVOICE-PAD,12,323.15,apac
2025-01-17,WIDGET-1,2,144.80,west
2025-02-18,WIDGET-PRO,12,253.58,east
2025-03-19,CABLE-USB,1,21.04,north
2025-04-20,DOCK-HDMI,13,271.36,south
2025-05-21,KEYCAP-SET,9,660.12,eu
2025-06-22,INVOICE-PAD,9,613.11,apac
2025-07-23,WIDGET-1,10,62.72,west
2025-08-24,WIDGET-PRO,9,203.36,east
2025-09-25,CABLE-USB,6,469.46,north
2025-10-26,DOCK-HDMI,8,614.08,south
2025-11-27,KEYCAP-SET,6,370.00,eu
2025-12-28,INVOICE-PAD,13,58.28,apac
2025-01-01,WIDGET-1,11,901.08,west
2025-02-02,WIDGET-PRO,4,27.86,east
2025-03-03,CABLE-USB,7,239.55,north
2025-04-04,DOCK-HDMI,7,220.16,south
2025-05-05,KEYCAP-SET,12,129.04,eu
2025-06-06,INVOICE-PAD,9,470.00,apac
2025-07-07,WIDGET-1,5,208.44,west
2025-08-08,WIDGET-PRO,7,553.02,east
2025-09-09,CABLE-USB,8,274.74,north
2025-10-10,DOCK-HDMI,12,548.48,south
2025-11-11,KEYCAP-SET,7,592.79,eu
2025-12-12,INVOICE-PAD,10,407.83,apac
2025-01-13,WIDGET-1,8,486.65,west
2025-02-14,WIDGET-PRO,9,232.47,east
2025-03-15,CABLE-USB,3,148.66,north
2025-04-16,DOCK-HDMI,2,135.67,south
2025-05-17,KEYCAP-SET,6,207.74,eu
2025-06-18,INVOICE-PAD,13,905.78,apac
2025-07-19,WIDGET-1,1,77.59,west
2025-08-20,WIDGET-PRO,7,570.56,east
2025-09-21,CABLE-USB,3,71.05,north
2025-10-22,DOCK-HDMI,2,162.21,south
2025-11-23,KEYCAP-SET,12,49.64,eu
2025-12-24,INVOICE-PAD,5,154.18,apac
2025-01-25,WIDGET-1,1,22.30,west
2025-02-26,WIDGET-PRO,12,806.95,east
2025-03-27,CABLE-USB,6,504.77,north
2025-04-28,DOCK-HDMI,4,353.17,south
2025-05-01,KEYCAP-SET,5,84.47,eu
2025-06-02,INVOICE-PAD,1,52.18,apac
2025-07-03,WIDGET-1,12,469.97,west
2025-08-04,WIDGET-PRO,13,330.09,east
2025-09-05,CABLE-USB,2,76.36,north
2025-10-06,DOCK-HDMI,11,85.76,south
2025-11-07,KEYCAP-SET,13,68.38,eu
2025-12-08,INVOICE-PAD,6,312.05,apac
2025-01-09,WIDGET-1,3,237.92,west
2025-02-10,WIDGET-PRO,1,11.79,east
2025-03-11,CABLE-USB,5,241.48,north
2025-04-12,DOCK-HDMI,3,210.33,south
2025-05-13,KEYCAP-SET,10,386.10,eu
2025-06-14,INVOICE-PAD,5,97.07,apac
2025-07-15,WIDGET-1,2,136.55,west
2025-08-16,WIDGET-PRO,3,41.52,east
2025-09-17,CABLE-USB,6,218.86,north
2025-10-18,DOCK-HDMI,10,238.47,south
2025-11-19,KEYCAP-SET,11,777.16,eu
2025-12-20,INVOICE-PAD,9,618.65,apac
2025-01-21,WIDGET-1,13,452.60,west
2025-02-22,WIDGET-PRO,4,174.25,east
2025-03-23,CABLE-USB,4,92.60,north
2025-04-24,DOCK-HDMI,9,692.03,south
2025-05-25,KEYCAP-SET,3,90.48,eu
2025-06-26,INVOICE-PAD,1,80.93,apac
2025-07-27,WIDGET-1,12,231.70,west
2025-08-28,WIDGET-PRO,10,461.26,east
2025-09-01,CABLE-USB,10,72.22,north
2025-10-02,DOCK-HDMI,11,418.57,south
2025-11-03,KEYCAP-SET,8,276.90,eu
2025-12-04,INVOICE-PAD,10,570.72,apac
2025-01-05,WIDGET-1,6,471.27,west
2025-02-06,WIDGET-PRO,4,327.45,east
2025-03-07,CABLE-USB,6,454.21,north
2025-04-08,DOCK-HDMI,9,170.72,south
2025-05-09,KEYCAP-SET,6,97.05,eu
2025-06-10,INVOICE-PAD,5,149.45,apac
2025-07-11,WIDGET-1,13,772.80,west
2025-08-12,WIDGET-PRO,6,22.57,east
2025-09-13,CABLE-USB,10,789.64,north
2025-10-14,DOCK-HDMI,9,419.36,south
2025-11-15,KEYCAP-SET,13,357.54,eu
2025-12-16,INVOICE-PAD,12,403.50,apac
2025-01-17,WIDGET-1,4,45.64,west
2025-02-18,WIDGET-PRO,10,351.36,east
2025-03-19,CABLE-USB,8,75.13,north
2025-04-20,DOCK-HDMI,13,920.57,south
2025-05-21,KEYCAP-SET,5,60.83,eu
2025-06-22,INVOICE-PAD,8,526.67,apac
2025-07-23,WIDGET-1,13,842.72,west
2025-08-24,WIDGET-PRO,6,268.48,east
2025-09-25,CABLE-USB,10,571.24,north
2025-10-26,DOCK-HDMI,2,80.86,south
2025-11-27,KEYCAP-SET,7,38.60,eu
2025-12-28,INVOICE-PAD,5,373.42,apac
2025-01-01,WIDGET-1,8,580.33,west
2025-02-02,WIDGET-PRO,5,405.28,east
2025-03-03,CABLE-USB,11,494.18,north
2025-04-04,DOCK-HDMI,6,185.10,south
2025-05-05,KEYCAP-SET,8,688.78,eu
2025-06-06,INVOICE-PAD,5,443.47,apac
2025-07-07,WIDGET-1,13,234.40,west
2025-08-08,WIDGET-PRO,5,127.00,east
2025-09-09,CABLE-USB,9,437.28,north
2025-10-10,DOCK-HDMI,12,907.48,south
2025-11-11,KEYCAP-SET,2,132.31,eu
2025-12-12,INVOICE-PAD,11,805.19,apac
2025-01-13,WIDGET-1,13,1114.34,west
2025-02-14,WIDGET-PRO,6,405.69,east
2025-03-15,CABLE-USB,12,609.74,north
2025-04-16,DOCK-HDMI,12,707.97,south
2025-05-17,KEYCAP-SET,7,112.92,eu
2025-06-18,INVOICE-PAD,1,52.04,apac
2025-07-19,WIDGET-1,11,482.50,west
2025-08-20,WIDGET-PRO,8,506.46,east
2025-09-21,CABLE-USB,12,125.25,north
2025-10-22,DOCK-HDMI,7,260.25,south
2025-11-23,KEYCAP-SET,9,68.98,eu
2025-12-24,INVOICE-PAD,4,261.55,apac
2025-01-25,WIDGET-1,10,656.57,west
2025-02-26,WIDGET-PRO,3,224.95,east
2025-03-27,CABLE-USB,3,111.74,north
2025-04-28,DOCK-HDMI,8,670.21,south
2025-05-01,KEYCAP-SET,8,476.62,eu
2025-06-02,INVOICE-PAD,5,382.31,apac
2025-07-03,WIDGET-1,12,901.50,west
2025-08-04,WIDGET-PRO,13,797.08,east
2025-09-05,CABLE-USB,8,319.34,north
2025-10-06,DOCK-HDMI,9,784.41,south
2025-11-07,KEYCAP-SET,3,203.74,eu
2025-12-08,INVOICE-PAD,12,1022.38,apac
2025-01-09,WIDGET-1,1,10.55,west
2025-02-10,WIDGET-PRO,5,344.15,east
2025-03-11,CABLE-USB,9,644.21,north
2025-04-12,DOCK-HDMI,12,745.07,south
2025-05-13,KEYCAP-SET,1,80.41,eu
2025-06-14,INVOICE-PAD,12,848.20,apac
2025-07-15,WIDGET-1,13,1056.17,west
2025-08-16,WIDGET-PRO,9,165.18,east
2025-09-17,CABLE-USB,1,72.47,north
2025-10-18,DOCK-HDMI,5,52.70,south
2025-11-19,KEYCAP-SET,5,180.31,eu
2025-12-20,INVOICE-PAD,10,128.44,apac
2025-01-21,WIDGET-1,11,370.33,west
2025-02-22,WIDGET-PRO,11,145.98,east
2025-03-23,CABLE-USB,1,55.07,north
2025-04-24,DOCK-HDMI,6,522.39,south
2025-05-25,KEYCAP-SET,8,599.38,eu
2025-06-26,INVOICE-PAD,1,3.78,apac
2025-07-27,WIDGET-1,11,227.97,west
2025-08-28,WIDGET-PRO,7,78.93,east
2025-09-01,CABLE-USB,3,162.00,north
2025-10-02,DOCK-HDMI,4,170.76,south
2025-11-03,KEYCAP-SET,6,105.70,eu
2025-12-04,INVOICE-PAD,2,123.13,apac
2025-01-05,WIDGET-1,5,412.69,west
2025-02-06,WIDGET-PRO,10,337.53,east
2025-03-07,CABLE-USB,12,490.05,north
2025-04-08,DOCK-HDMI,3,104.12,south
2025-05-09,KEYCAP-SET,11,245.72,eu
2025-06-10,INVOICE-PAD,10,746.47,apac
2025-07-11,WIDGET-1,11,737.93,west
2025-08-12,WIDGET-PRO,3,92.48,east
2025-09-13,CABLE-USB,6,489.72,north
2025-10-14,DOCK-HDMI,3,193.47,south
2025-11-15,KEYCAP-SET,9,413.83,eu
2025-12-16,INVOICE-PAD,8,143.90,apac
2025-01-17,WIDGET-1,2,119.36,west
2025-02-18,WIDGET-PRO,2,160.36,east
2025-03-19,CABLE-USB,12,417.09,north
2025-04-20,DOCK-HDMI,5,126.41,south
2025-05-21,KEYCAP-SET,1,60.62,eu
2025-06-22,INVOICE-PAD,7,486.08,apac
2025-07-23,WIDGET-1,4,155.00,west
2025-08-24,WIDGET-PRO,6,177.80,east
2025-09-25,CABLE-USB,1,23.37,north
2025-10-26,DOCK-HDMI,13,937.94,south
2025-11-27,KEYCAP-SET,1,43.65,eu
2025-12-28,INVOICE-PAD,4,94.82,apac
2025-01-01,WIDGET-1,12,48.21,west
2025-02-02,WIDGET-PRO,4,81.76,east
2025-03-03,CABLE-USB,7,49.27,north
2025-04-04,DOCK-HDMI,12,218.59,south
2025-05-05,KEYCAP-SET,11,412.52,eu
2025-06-06,INVOICE-PAD,10,746.36,apac
2025-07-07,WIDGET-1,1,12.42,west
2025-08-08,WIDGET-PRO,4,28.34,east
2025-09-09,CABLE-USB,6,280.16,north
2025-10-10,DOCK-HDMI,4,217.52,south
2025-11-11,KEYCAP-SET,11,947.74,eu
2025-12-12,INVOICE-PAD,10,202.14,apac
2025-01-13,WIDGET-1,11,778.56,west
2025-02-14,WIDGET-PRO,10,675.59,east
2025-03-15,CABLE-USB,2,117.04,north
2025-04-16,DOCK-HDMI,8,477.17,south
2025-05-17,KEYCAP-SET,6,277.87,eu
2025-06-18,INVOICE-PAD,7,37.15,apac
2025-07-19,WIDGET-1,6,66.07,west
2025-08-20,WIDGET-PRO,5,336.79,east
2025-09-21,CABLE-USB,6,449.73,north
2025-10-22,DOCK-HDMI,8,452.32,south
2025-11-23,KEYCAP-SET,3,15.51,eu
2025-12-24,INVOICE-PAD,9,500.44,apac
2025-01-25,WIDGET-1,5,298.08,west
2025-02-26,WIDGET-PRO,2,60.65,east
2025-03-27,CABLE-USB,9,646.62,north
2025-04-28,DOCK-HDMI,9,742.88,south
2025-05-01,KEYCAP-SET,8,645.65,eu
2025-06-02,INVOICE-PAD,4,223.92,apac
2025-07-03,WIDGET-1,4,122.41,west
2025-08-04,WIDGET-PRO,1,54.96,east
2025-09-05,CABLE-USB,12,268.75,north
2025-10-06,DOCK-HDMI,1,4.67,south
2025-11-07,KEYCAP-SET,3,234.98,eu
2025-12-08,INVOICE-PAD,3,61.62,apac
2025-01-09,WIDGET-1,2,129.29,west
2025-02-10,WIDGET-PRO,6,355.36,east
2025-03-11,CABLE-USB,9,547.96,north
2025-04-12,DOCK-HDMI,2,147.18,south
2025-05-13,KEYCAP-SET,13,943.19,eu
2025-06-14,INVOICE-PAD,2,77.78,apac
2025-07-15,WIDGET-1,4,178.35,west
2025-08-16,WIDGET-PRO,6,524.44,east
2025-09-17,CABLE-USB,6,405.53,north
2025-10-18,DOCK-HDMI,6,182.65,south
2025-11-19,KEYCAP-SET,11,125.54,eu
2025-12-20,INVOICE-PAD,7,538.48,apac
2025-01-21,WIDGET-1,3,266.77,west
2025-02-22,WIDGET-PRO,1,87.77,east
2025-03-23,CABLE-USB,9,565.15,north
2025-04-24,DOCK-HDMI,4,151.00,south
2025-05-25,KEYCAP-SET,7,431.04,eu
2025-06-26,INVOICE-PAD,10,377.70,apac
2025-07-27,WIDGET-1,6,42.62,west
2025-08-28,WIDGET-PRO,3,266.49,east
2025-09-01,CABLE-USB,7,497.57,north
2025-10-02,DOCK-HDMI,2,109.26,south
2025-11-03,KEYCAP-SET,1,12.85,eu
2025-12-04,INVOICE-PAD,7,289.01,apac
2025-01-05,WIDGET-1,6,498.74,west
2025-02-06,WIDGET-PRO,7,236.84,east
2025-03-07,CABLE-USB,1,24.67,north
2025-04-08,DOCK-HDMI,8,497.35,south
2025-05-09,KEYCAP-SET,7,432.58,eu
2025-06-10,INVOICE-PAD,8,194.87,apac
2025-07-11,WIDGET-1,9,382.17,west
2025-08-12,WIDGET-PRO,12,551.59,east
2025-09-13,CABLE-USB,4,138.13,north
2025-10-14,DOCK-HDMI,9,449.34,south
2025-11-15,KEYCAP-SET,13,50.98,eu
2025-12-16,INVOICE-PAD,7,94.32,apac
2025-01-17,WIDGET-1,3,29.60,west
2025-02-18,WIDGET-PRO,5,254.39,east
2025-03-19,CABLE-USB,7,401.87,north
2025-04-20,DOCK-HDMI,11,216.45,south
2025-05-21,KEYCAP-SET,4,105.19,eu
2025-06-22,INVOICE-PAD,8,385.56,apac
2025-07-23,WIDGET-1,12,837.01,west
2025-08-24,WIDGET-PRO,6,184.13,east
2025-09-25,CABLE-USB,4,155.79,north
2025-10-26,DOCK-HDMI,4,57.93,south
2025-11-27,KEYCAP-SET,4,87.22,eu
2025-12-28,INVOICE-PAD,9,424.89,apac
2025-01-01,WIDGET-1,4,315.01,west
2025-02-02,WIDGET-PRO,5,301.87,east
2025-03-03,CABLE-USB,4,62.21,north
2025-04-04,DOCK-HDMI,10,145.53,south
2025-05-05,KEYCAP-SET,4,176.22,eu
2025-06-06,INVOICE-PAD,9,495.18,apac
2025-07-07,WIDGET-1,2,166.70,west
2025-08-08,WIDGET-PRO,4,187.21,east
2025-09-09,CABLE-USB,13,980.34,north
2025-10-10,DOCK-HDMI,12,659.88,south
2025-11-11,KEYCAP-SET,11,535.68,eu
2025-12-12,INVOICE-PAD,5,392.59,apac
2025-01-13,WIDGET-1,3,65.98,west
2025-02-14,WIDGET-PRO,5,280.29,east
2025-03-15,CABLE-USB,10,266.03,north
2025-04-16,DOCK-HDMI,9,130.08,south
2025-05-17,KEYCAP-SET,4,288.77,eu
2025-06-18,INVOICE-PAD,7,261.74,apac
2025-07-19,WIDGET-1,13,852.76,west
2025-08-20,WIDGET-PRO,12,882.64,east
2025-09-21,CABLE-USB,2,152.74,north
2025-10-22,DOCK-HDMI,3,153.24,south
2025-11-23,KEYCAP-SET,1,72.64,eu
2025-12-24,INVOICE-PAD,4,211.03,apac
2025-01-25,WIDGET-1,6,338.58,west
2025-02-26,WIDGET-PRO,6,151.82,east
2025-03-27,CABLE-USB,7,363.67,north
2025-04-28,DOCK-HDMI,11,135.87,south
2025-05-01,KEYCAP-SET,13,422.12,eu
2025-06-02,INVOICE-PAD,7,520.76,apac
2025-07-03,WIDGET-1,6,372.37,west
2025-08-04,WIDGET-PRO,4,126.57,east
2025-09-05,CABLE-USB,3,189.03,north
2025-10-06,DOCK-HDMI,11,324.83,south
2025-11-07,KEYCAP-SET,10,625.50,eu
2025-12-08,INVOICE-PAD,8,450.42,apac
2025-01-09,WIDGET-1,12,114.96,west
2025-02-10,WIDGET-PRO,6,339.60,east
2025-03-11,CABLE-USB,13,954.00,north
2025-04-12,DOCK-HDMI,13,352.04,south
2025-05-13,KEYCAP-SET,3,95.94,eu
2025-06-14,INVOICE-PAD,5,164.17,apac
2025-07-15,WIDGET-1,11,217.37,west
2025-08-16,WIDGET-PRO,13,460.97,east
2025-09-17,CABLE-USB,3,131.93,north
2025-10-18,DOCK-HDMI,11,899.06,south
2025-11-19,KEYCAP-SET,2,25.76,eu
2025-12-20,INVOICE-PAD,10,557.00,apac
2025-01-21,WIDGET-1,11,622.09,west
2025-02-22,WIDGET-PRO,11,71.15,east
2025-03-23,CABLE-USB,8,625.36,north
2025-04-24,DOCK-HDMI,8,158.70,south
2025-05-25,KEYCAP-SET,3,157.36,eu
2025-06-26,INVOICE-PAD,12,638.68,apac
2025-07-27,WIDGET-1,6,173.75,west
2025-08-28,WIDGET-PRO,9,535.92,east
2025-09-01,CABLE-USB,8,176.24,north
2025-10-02,DOCK-HDMI,8,452.56,south
2025-11-03,KEYCAP-SET,12,483.45,eu
2025-12-04,INVOICE-PAD,11,316.97,apac
2025-01-05,WIDGET-1,2,137.61,west
2025-02-06,WIDGET-PRO,13,632.47,east
2025-03-07,CABLE-USB,1,80.52,north
2025-04-08,DOCK-HDMI,11,417.39,south
2025-05-09,KEYCAP-SET,7,599.20,eu
2025-06-10,INVOICE-PAD,12,506.29,apac
2025-07-11,WIDGET-1,13,637.52,west
2025-08-12,WIDGET-PRO,11,855.52,east
2025-09-13,CABLE-USB,9,436.37,north
2025-10-14,DOCK-HDMI,6,219.14,south
2025-11-15,KEYCAP-SET,10,848.60,eu
2025-12-16,INVOICE-PAD,5,419.48,apac
2025-01-17,WIDGET-1,1,88.59,west
2025-02-18,WIDGET-PRO,2,156.12,east
2025-03-19,CABLE-USB,1,88.26,north
2025-04-20,DOCK-HDMI,6,423.19,south
2025-05-21,KEYCAP-SET,7,264.14,eu
2025-06-22,INVOICE-PAD,3,159.69,apac
2025-07-23,WIDGET-1,1,12.40,west
2025-08-24,WIDGET-PRO,13,596.58,east
2025-09-25,CABLE-USB,9,55.29,north
2025-10-26,DOCK-HDMI,3,35.04,south
2025-11-27,KEYCAP-SET,6,411.71,eu
2025-12-28,INVOICE-PAD,5,293.87,apac
2025-01-01,WIDGET-1,9,749.51,west
2025-02-02,WIDGET-PRO,11,813.94,east
2025-03-03,CABLE-USB,11,799.43,north
2025-04-04,DOCK-HDMI,2,153.15,south
2025-05-05,KEYCAP-SET,10,141.32,eu
2025-06-06,INVOICE-PAD,6,232.83,apac
2025-07-07,WIDGET-1,9,438.66,west
2025-08-08,WIDGET-PRO,7,53.48,east
2025-09-09,CABLE-USB,2,140.34,north
2025-10-10,DOCK-HDMI,2,107.16,south
2025-11-11,KEYCAP-SET,13,1120.80,eu
2025-12-12,INVOICE-PAD,3,56.22,apac
2025-01-13,WIDGET-1,8,502.76,west
2025-02-14,WIDGET-PRO,10,325.58,east
2025-03-15,CABLE-USB,1,53.95,north
2025-04-16,DOCK-HDMI,8,247.78,south
2025-05-17,KEYCAP-SET,5,76.17,eu
2025-06-18,INVOICE-PAD,8,344.39,apac
2025-07-19,WIDGET-1,13,148.79,west
2025-08-20,WIDGET-PRO,2,110.29,east
2025-09-21,CABLE-USB,1,52.22,north
2025-10-22,DOCK-HDMI,10,781.56,south
2025-11-23,KEYCAP-SET,1,12.38,eu
2025-12-24,INVOICE-PAD,11,935.28,apac
2025-01-25,WIDGET-1,5,339.51,west
2025-02-26,WIDGET-PRO,3,127.92,east
2025-03-27,CABLE-USB,2,18.58,north
2025-04-28,DOCK-HDMI,3,264.61,south
2025-05-01,KEYCAP-SET,12,1023.88,eu
2025-06-02,INVOICE-PAD,2,53.68,apac
2025-07-03,WIDGET-1,2,165.04,west
2025-08-04,WIDGET-PRO,2,166.39,east
2025-09-05,CABLE-USB,5,391.57,north
2025-10-06,DOCK-HDMI,6,393.30,south
2025-11-07,KEYCAP-SET,1,34.26,eu
2025-12-08,INVOICE-PAD,2,138.28,apac
2025-01-09,WIDGET-1,7,267.77,west
2025-02-10,WIDGET-PRO,10,635.50,east
2025-03-11,CABLE-USB,10,50.17,north
2025-04-12,DOCK-HDMI,13,403.76,south
2025-05-13,KEYCAP-SET,12,472.14,eu
2025-06-14,INVOICE-PAD,7,45.07,apac
2025-07-15,WIDGET-1,13,1054.84,west
2025-08-16,WIDGET-PRO,10,861.75,east
2025-09-17,CABLE-USB,2,92.90,north
2025-10-18,DOCK-HDMI,13,313.17,south
2025-11-19,KEYCAP-SET,13,908.45,eu
2025-12-20,INVOICE-PAD,1,63.00,apac
2025-01-21,WIDGET-1,5,110.64,west
2025-02-22,WIDGET-PRO,10,546.49,east
2025-03-23,CABLE-USB,4,126.50,north
2025-04-24,DOCK-HDMI,11,896.11,south
2025-05-25,KEYCAP-SET,3,51.53,eu
2025-06-26,INVOICE-PAD,2,57.73,apac
2025-07-27,WIDGET-1,6,324.33,west
2025-08-28,WIDGET-PRO,8,553.92,east
2025-09-01,CABLE-USB,1,21.39,north
2025-10-02,DOCK-HDMI,11,949.34,south
2025-11-03,KEYCAP-SET,2,161.06,eu
2025-12-04,INVOICE-PAD,5,271.17,apac
2025-01-05,WIDGET-1,4,154.85,west
2025-02-06,WIDGET-PRO,1,9.17,east
2025-03-07,CABLE-USB,7,229.43,north
2025-04-08,DOCK-HDMI,2,45.27,south
2025-05-09,KEYCAP-SET,10,844.69,eu
2025-06-10,INVOICE-PAD,13,953.78,apac
2025-07-11,WIDGET-1,7,173.62,west
2025-08-12,WIDGET-PRO,13,365.64,east
2025-09-13,CABLE-USB,3,171.85,north
2025-10-14,DOCK-HDMI,5,108.84,south
2025-11-15,KEYCAP-SET,7,393.44,eu
2025-12-16,INVOICE-PAD,10,433.25,apac
2025-01-17,WIDGET-1,12,50.72,west
2025-02-18,WIDGET-PRO,1,81.24,east
2025-03-19,CABLE-USB,9,115.08,north
2025-04-20,DOCK-HDMI,6,216.24,south
2025-05-21,KEYCAP-SET,12,894.17,eu
2025-06-22,INVOICE-PAD,10,651.71,apac
2025-07-23,WIDGET-1,8,42.36,west
2025-08-24,WIDGET-PRO,10,298.04,east
2025-09-25,CABLE-USB,3,12.54,north
2025-10-26,DOCK-HDMI,6,307.66,south
2025-11-27,KEYCAP-SET,11,714.01,eu
2025-12-28,INVOICE-PAD,13,532.89,apac
2025-01-01,WIDGET-1,2,76.50,west
2025-02-02,WIDGET-PRO,6,41.49,east
2025-03-03,CABLE-USB,3,34.14,north
2025-04-04,DOCK-HDMI,5,69.75,south
2025-05-05,KEYCAP-SET,5,388.87,eu
2025-06-06,INVOICE-PAD,11,776.70,apac
2025-07-07,WIDGET-1,3,208.21,west
2025-08-08,WIDGET-PRO,13,816.99,east
2025-09-09,CABLE-USB,2,11.69,north
2025-10-10,DOCK-HDMI,11,811.50,south
2025-11-11,KEYCAP-SET,1,33.07,eu
2025-12-12,INVOICE-PAD,10,662.50,apac
2025-01-13,WIDGET-1,13,1020.95,west
2025-02-14,WIDGET-PRO,7,285.26,east
2025-03-15,CABLE-USB,7,74.80,north
2025-04-16,DOCK-HDMI,9,328.23,south
2025-05-17,KEYCAP-SET,1,75.26,eu
2025-06-18,INVOICE-PAD,12,115.62,apac
2025-07-19,WIDGET-1,3,220.70,west
2025-08-20,WIDGET-PRO,12,50.21,east
2025-09-21,CABLE-USB,10,548.77,north
2025-10-22,DOCK-HDMI,5,76.26,south
2025-11-23,KEYCAP-SET,5,184.98,eu
2025-12-24,INVOICE-PAD,2,173.35,apac
2025-01-25,WIDGET-1,3,53.97,west
2025-02-26,WIDGET-PRO,1,69.98,east
2025-03-27,CABLE-USB,13,73.64,north
2025-04-28,DOCK-HDMI,2,37.94,south
2025-05-01,KEYCAP-SET,12,210.24,eu
2025-06-02,INVOICE-PAD,6,104.10,apac
2025-07-03,WIDGET-1,13,938.03,west
2025-08-04,WIDGET-PRO,8,452.98,east
2025-09-05,CABLE-USB,5,70.42,north
2025-10-06,DOCK-HDMI,9,636.98,south
2025-11-07,KEYCAP-SET,4,91.31,eu
2025-12-08,INVOICE-PAD,10,377.52,apac
2025-01-09,WIDGET-1,9,642.75,west
2025-02-10,WIDGET-PRO,11,192.28,east
2025-03-11,CABLE-USB,1,24.16,north
2025-04-12,DOCK-HDMI,3,189.36,south
2025-05-13,KEYCAP-SET,2,92.23,eu
2025-06-14,INVOICE-PAD,6,289.85,apac
2025-07-15,WIDGET-1,2,89.00,west
2025-08-16,WIDGET-PRO,10,565.71,east
2025-09-17,CABLE-USB,5,364.33,north
2025-10-18,DOCK-HDMI,4,291.17,south
2025-11-19,KEYCAP-SET,5,362.03,eu
2025-12-20,INVOICE-PAD,1,55.23,apac
2025-01-21,WIDGET-1,4,118.36,west
2025-02-22,WIDGET-PRO,6,289.67,east
2025-03-23,CABLE-USB,10,666.84,north
2025-04-24,DOCK-HDMI,11,868.00,south
2025-05-25,KEYCAP-SET,11,220.39,eu
2025-06-26,INVOICE-PAD,1,8.83,apac
2025-07-27,WIDGET-1,11,843.58,west
2025-08-28,WIDGET-PRO,9,456.31,east
2025-09-01,CABLE-USB,9,42.92,north
2025-10-02,DOCK-HDMI,9,712.67,south
2025-11-03,KEYCAP-SET,9,321.12,eu
2025-12-04,INVOICE-PAD,8,519.85,apac
2025-01-05,WIDGET-1,4,123.37,west
2025-02-06,WIDGET-PRO,8,492.29,east
2025-03-07,CABLE-USB,11,804.76,north
2025-04-08,DOCK-HDMI,2,101.47,south
2025-05-09,KEYCAP-SET,8,97.15,eu
2025-06-10,INVOICE-PAD,2,13.74,apac
2025-07-11,WIDGET-1,1,66.25,west
2025-08-12,WIDGET-PRO,6,280.11,east
2025-09-13,CABLE-USB,10,226.83,north
2025-10-14,DOCK-HDMI,6,339.77,south
2025-11-15,KEYCAP-SET,10,747.64,eu
2025-12-16,INVOICE-PAD,7,586.58,apac
2025-01-17,WIDGET-1,6,217.87,west
2025-02-18,WIDGET-PRO,12,804.13,east
2025-03-19,CABLE-USB,4,202.48,north
2025-04-20,DOCK-HDMI,7,536.45,south
2025-05-21,KEYCAP-SET,3,100.00,eu
2025-06-22,INVOICE-PAD,11,757.12,apac
2025-07-23,WIDGET-1,7,72.35,west
2025-08-24,WIDGET-PRO,2,99.08,east
2025-09-25,CABLE-USB,11,396.70,north
2025-10-26,DOCK-HDMI,8,546.98,south
2025-11-27,KEYCAP-SET,6,110.41,eu
2025-12-28,INVOICE-PAD,13,857.10,apac
2025-01-01,WIDGET-1,10,734.13,west
2025-02-02,WIDGET-PRO,9,793.77,east
2025-03-03,CABLE-USB,4,233.14,north
2025-04-04,DOCK-HDMI,1,63.31,south
2025-05-05,KEYCAP-SET,2,130.65,eu
2025-06-06,INVOICE-PAD,6,498.82,apac
2025-07-07,WIDGET-1,7,448.94,west
2025-08-08,WIDGET-PRO,1,18.47,east
2025-09-09,CABLE-USB,11,868.07,north
2025-10-10,DOCK-HDMI,1,10.19,south
2025-11-11,KEYCAP-SET,10,746.49,eu
2025-12-12,INVOICE-PAD,8,608.62,apac
2025-01-13,WIDGET-1,4,233.60,west
2025-02-14,WIDGET-PRO,9,791.46,east
2025-03-15,CABLE-USB,12,658.20,north
2025-04-16,DOCK-HDMI,1,38.15,south
2025-05-17,KEYCAP-SET,3,50.95,eu
2025-06-18,INVOICE-PAD,8,54.70,apac
2025-07-19,WIDGET-1,7,357.13,west
2025-08-20,WIDGET-PRO,3,41.43,east
2025-09-21,CABLE-USB,5,170.36,north
2025-10-22,DOCK-HDMI,11,873.46,south
2025-11-23,KEYCAP-SET,13,795.99,eu
2025-12-24,INVOICE-PAD,5,355.13,apac
2025-01-25,WIDGET-1,13,728.84,west
2025-02-26,WIDGET-PRO,4,287.88,east
2025-03-27,CABLE-USB,3,138.34,north
2025-04-28,DOCK-HDMI,1,30.48,south
2025-05-01,KEYCAP-SET,4,42.79,eu
2025-06-02,INVOICE-PAD,2,17.04,apac
2025-07-03,WIDGET-1,10,801.32,west
2025-08-04,WIDGET-PRO,6,447.30,east
2025-09-05,CABLE-USB,2,77.31,north
2025-10-06,DOCK-HDMI,11,283.28,south
2025-11-07,KEYCAP-SET,9,449.96,eu
2025-12-08,INVOICE-PAD,4,108.37,apac
2025-01-09,WIDGET-1,9,161.68,west
2025-02-10,WIDGET-PRO,3,45.98,east
2025-03-11,CABLE-USB,8,50.37,north
2025-04-12,DOCK-HDMI,9,308.92,south
2025-05-13,KEYCAP-SET,1,81.18,eu
2025-06-14,INVOICE-PAD,11,638.74,apac
2025-07-15,WIDGET-1,1,86.24,west
2025-08-16,WIDGET-PRO,13,981.73,east
2025-09-17,CABLE-USB,8,478.16,north
2025-10-18,DOCK-HDMI,13,148.18,south
2025-11-19,KEYCAP-SET,4,259.86,eu
2025-12-20,INVOICE-PAD,11,966.64,apac
2025-01-21,WIDGET-1,11,349.71,west
2025-02-22,WIDGET-PRO,2,119.59,east
2025-03-23,CABLE-USB,6,175.23,north
2025-04-24,DOCK-HDMI,10,636.89,south
2025-05-25,KEYCAP-SET,5,62.67,eu
2025-06-26,INVOICE-PAD,5,250.67,apac
2025-07-27,WIDGET-1,10,794.39,west
2025-08-28,WIDGET-PRO,5,233.83,east
2025-09-01,CABLE-USB,6,311.52,north
2025-10-02,DOCK-HDMI,10,700.56,south
2025-11-03,KEYCAP-SET,1,25.42,eu
2025-12-04,INVOICE-PAD,5,98.96,apac
2025-01-05,WIDGET-1,2,75.34,west
2025-02-06,WIDGET-PRO,1,55.91,east
2025-03-07,CABLE-USB,2,156.46,north
2025-04-08,DOCK-HDMI,6,317.00,south
2025-05-09,KEYCAP-SET,11,556.70,eu
2025-06-10,INVOICE-PAD,12,82.22,apac
2025-07-11,WIDGET-1,5,241.23,west
2025-08-12,WIDGET-PRO,9,259.40,east
2025-09-13,CABLE-USB,4,99.64,north
2025-10-14,DOCK-HDMI,12,668.82,south
2025-11-15,KEYCAP-SET,2,95.37,eu
2025-12-16,INVOICE-PAD,6,188.31,apac
2025-01-17,WIDGET-1,11,885.93,west
2025-02-18,WIDGET-PRO,11,722.05,east
2025-03-19,CABLE-USB,2,149.51,north
2025-04-20,DOCK-HDMI,11,685.93,south
2025-05-21,KEYCAP-SET,12,1032.54,eu
2025-06-22,INVOICE-PAD,10,234.50,apac
2025-07-23,WIDGET-1,9,293.12,west
2025-08-24,WIDGET-PRO,6,293.89,east
2025-09-25,CABLE-USB,6,64.13,north
2025-10-26,DOCK-HDMI,5,437.34,south
2025-11-27,KEYCAP-SET,5,146.65,eu
2025-12-28,INVOICE-PAD,8,270.65,apac
2025-01-01,WIDGET-1,4,288.31,west
2025-02-02,WIDGET-PRO,7,155.11,east
2025-03-03,CABLE-USB,11,735.92,north
2025-04-04,DOCK-HDMI,2,39.47,south
2025-05-05,KEYCAP-SET,5,417.45,eu
2025-06-06,INVOICE-PAD,1,44.28,apac
2025-07-07,WIDGET-1,10,410.98,west
2025-08-08,WIDGET-PRO,9,678.08,east
2025-09-09,CABLE-USB,2,12.00,north
2025-10-10,DOCK-HDMI,2,114.43,south
2025-11-11,KEYCAP-SET,3,257.06,eu
2025-12-12,INVOICE-PAD,11,421.23,apac
2025-01-13,WIDGET-1,13,751.43,west
2025-02-14,WIDGET-PRO,9,303.82,east
2025-03-15,CABLE-USB,3,201.82,north
2025-04-16,DOCK-HDMI,5,347.01,south
2025-05-17,KEYCAP-SET,1,73.17,eu
2025-06-18,INVOICE-PAD,8,230.34,apac
2025-07-19,WIDGET-1,8,34.72,west
2025-08-20,WIDGET-PRO,10,770.84,east
2025-09-21,CABLE-USB,9,680.87,north
2025-10-22,DOCK-HDMI,7,393.86,south
2025-11-23,KEYCAP-SET,12,348.31,eu
2025-12-24,INVOICE-PAD,3,63.64,apac
2025-01-25,WIDGET-1,11,710.78,west
2025-02-26,WIDGET-PRO,3,82.21,east
2025-03-27,CABLE-USB,6,490.56,north
2025-04-28,DOCK-HDMI,13,938.88,south
2025-05-01,KEYCAP-SET,2,120.05,eu
2025-06-02,INVOICE-PAD,6,447.29,apac
2025-07-03,WIDGET-1,2,160.45,west
2025-08-04,WIDGET-PRO,5,437.63,east
2025-09-05,CABLE-USB,9,58.73,north
2025-10-06,DOCK-HDMI,8,405.45,south
2025-11-07,KEYCAP-SET,9,394.99,eu
2025-12-08,INVOICE-PAD,9,383.70,apac
2025-01-09,WIDGET-1,7,241.29,west
2025-02-10,WIDGET-PRO,12,682.19,east
2025-03-11,CABLE-USB,7,31.21,north
2025-04-12,DOCK-HDMI,8,442.26,south
2025-05-13,KEYCAP-SET,9,704.30,eu
2025-06-14,INVOICE-PAD,6,360.67,apac
2025-07-15,WIDGET-1,10,239.86,west
2025-08-16,WIDGET-PRO,13,844.25,east
2025-09-17,CABLE-USB,2,162.12,north
2025-10-18,DOCK-HDMI,8,185.03,south
2025-11-19,KEYCAP-SET,5,150.18,eu
2025-12-20,INVOICE-PAD,9,524.29,apac
2025-01-21,WIDGET-1,12,95.79,west
2025-02-22,WIDGET-PRO,13,220.83,east
2025-03-23,CABLE-USB,8,543.00,north
2025-04-24,DOCK-HDMI,2,84.16,south
2025-05-25,KEYCAP-SET,3,61.90,eu
2025-06-26,INVOICE-PAD,2,118.08,apac
2025-07-27,WIDGET-1,5,363.54,west
2025-08-28,WIDGET-PRO,4,290.54,east
2025-09-01,CABLE-USB,12,872.42,north
2025-10-02,DOCK-HDMI,4,139.83,south
2025-11-03,KEYCAP-SET,8,459.94,eu
2025-12-04,INVOICE-PAD,5,125.92,apac
2025-01-05,WIDGET-1,1,32.21,west
2025-02-06,WIDGET-PRO,9,441.96,east
2025-03-07,CABLE-USB,7,102.36,north
2025-04-08,DOCK-HDMI,13,1004.61,south
2025-05-09,KEYCAP-SET,12,428.72,eu
2025-06-10,INVOICE-PAD,12,855.56,apac
2025-07-11,WIDGET-1,2,109.51,west
2025-08-12,WIDGET-PRO,10,270.17,east
2025-09-13,CABLE-USB,5,368.08,north
2025-10-14,DOCK-HDMI,10,684.98,south
2025-11-15,KEYCAP-SET,6,24.18,eu
2025-12-16,INVOICE-PAD,1,85.71,apac
2025-01-17,WIDGET-1,6,460.08,west
2025-02-18,WIDGET-PRO,10,87.36,east
2025-03-19,CABLE-USB,4,326.93,north
2025-04-20,DOCK-HDMI,12,500.99,south
2025-05-21,KEYCAP-SET,9,77.26,eu
2025-06-22,INVOICE-PAD,3,119.91,apac
2025-07-23,WIDGET-1,6,88.27,west
2025-08-24,WIDGET-PRO,6,362.43,east
2025-09-25,CABLE-USB,7,65.24,north
2025-10-26,DOCK-HDMI,1,72.71,south
2025-11-27,KEYCAP-SET,9,680.74,eu
2025-12-28,INVOICE-PAD,10,85.01,apac
2025-01-01,WIDGET-1,5,444.63,west
2025-02-02,WIDGET-PRO,1,62.05,east
2025-03-03,CABLE-USB,12,329.70,north
2025-04-04,DOCK-HDMI,3,151.70,south
2025-05-05,KEYCAP-SET,8,114.66,eu
2025-06-06,INVOICE-PAD,2,20.29,apac
2025-07-07,WIDGET-1,10,40.86,west
2025-08-08,WIDGET-PRO,12,955.47,east
2025-09-09,CABLE-USB,5,191.36,north
2025-10-10,DOCK-HDMI,2,84.07,south
2025-11-11,KEYCAP-SET,13,696.32,eu
2025-12-12,INVOICE-PAD,8,543.03,apac
2025-01-13,WIDGET-1,8,485.73,west
2025-02-14,WIDGET-PRO,4,281.35,east
2025-03-15,CABLE-USB,3,255.88,north
2025-04-16,DOCK-HDMI,13,251.15,south
2025-05-17,KEYCAP-SET,1,38.41,eu
2025-06-18,INVOICE-PAD,9,395.12,apac
2025-07-19,WIDGET-1,7,619.38,west
2025-08-20,WIDGET-PRO,10,867.84,east
2025-09-21,CABLE-USB,11,557.58,north
2025-10-22,DOCK-HDMI,13,448.34,south
2025-11-23,KEYCAP-SET,10,139.01,eu
2025-12-24,INVOICE-PAD,5,181.68,apac
2025-01-25,WIDGET-1,1,73.06,west
2025-02-26,WIDGET-PRO,2,39.03,east
2025-03-27,CABLE-USB,6,47.56,north
2025-04-28,DOCK-HDMI,5,272.96,south
2025-05-01,KEYCAP-SET,12,149.31,eu
2025-06-02,INVOICE-PAD,6,377.03,apac
2025-07-03,WIDGET-1,13,475.90,west
2025-08-04,WIDGET-PRO,5,373.98,east
2025-09-05,CABLE-USB,8,675.40,north
2025-10-06,DOCK-HDMI,3,177.72,south
2025-11-07,KEYCAP-SET,6,525.29,eu
2025-12-08,INVOICE-PAD,3,193.29,apac
2025-01-09,WIDGET-1,11,699.39,west
2025-02-10,WIDGET-PRO,3,196.84,east
2025-03-11,CABLE-USB,2,61.91,north
2025-04-12,DOCK-HDMI,9,764.59,south
2025-05-13,KEYCAP-SET,2,10.20,eu
2025-06-14,INVOICE-PAD,3,187.47,apac
2025-07-15,WIDGET-1,6,310.72,west
2025-08-16,WIDGET-PRO,4,329.89,east
2025-09-17,CABLE-USB,9,189.24,north
2025-10-18,DOCK-HDMI,5,28.79,south
2025-11-19,KEYCAP-SET,10,112.79,eu
2025-12-20,INVOICE-PAD,7,412.63,apac
2025-01-21,WIDGET-1,5,199.76,west
2025-02-22,WIDGET-PRO,5,104.57,east
2025-03-23,CABLE-USB,2,140.73,north
2025-04-24,DOCK-HDMI,13,342.55,south
2025-05-25,KEYCAP-SET,2,15.79,eu
2025-06-26,INVOICE-PAD,12,214.13,apac
2025-07-27,WIDGET-1,4,96.00,west
2025-08-28,WIDGET-PRO,4,39.09,east
2025-09-01,CABLE-USB,11,428.03,north
2025-10-02,DOCK-HDMI,7,166.56,south
2025-11-03,KEYCAP-SET,1,73.59,eu
2025-12-04,INVOICE-PAD,8,485.54,apac
2025-01-05,WIDGET-1,4,71.12,west
2025-02-06,WIDGET-PRO,8,709.94,east
2025-03-07,CABLE-USB,8,166.13,north
2025-04-08,DOCK-HDMI,7,111.12,south
2025-05-09,KEYCAP-SET,10,770.10,eu
2025-06-10,INVOICE-PAD,4,141.13,apac
2025-07-11,WIDGET-1,5,221.79,west
2025-08-12,WIDGET-PRO,11,354.75,east
2025-09-13,CABLE-USB,4,287.42,north
2025-10-14,DOCK-HDMI,8,286.83,south
2025-11-15,KEYCAP-SET,9,466.86,eu
2025-12-16,INVOICE-PAD,11,146.96,apac
2025-01-17,WIDGET-1,9,523.38,west
2025-02-18,WIDGET-PRO,10,333.24,east
2025-03-19,CABLE-USB,9,327.69,north
2025-04-20,DOCK-HDMI,9,772.80,south
2025-05-21,KEYCAP-SET,7,285.00,eu
2025-06-22,INVOICE-PAD,12,380.09,apac
2025-07-23,WIDGET-1,4,181.25,west
2025-08-24,WIDGET-PRO,13,566.07,east
2025-09-25,CABLE-USB,8,682.62,north
2025-10-26,DOCK-HDMI,3,18.79,south
2025-11-27,KEYCAP-SET,4,350.11,eu
2025-12-28,INVOICE-PAD,4,119.11,apac
2025-01-01,WIDGET-1,1,13.79,west
2025-02-02,WIDGET-PRO,4,224.13,east
2025-03-03,CABLE-USB,11,407.03,north
2025-04-04,DOCK-HDMI,11,173.88,south
2025-05-05,KEYCAP-SET,2,95.79,eu
2025-06-06,INVOICE-PAD,13,1070.54,apac
2025-07-07,WIDGET-1,5,105.56,west
2025-08-08,WIDGET-PRO,7,482.91,east
2025-09-09,CABLE-USB,5,88.13,north
2025-10-10,DOCK-HDMI,11,912.45,south
2025-11-11,KEYCAP-SET,6,280.75,eu
2025-12-12,INVOICE-PAD,9,633.71,apac
2025-01-13,WIDGET-1,11,217.40,west
2025-02-14,WIDGET-PRO,11,194.22,east
2025-03-15,CABLE-USB,9,712.63,north
2025-04-16,DOCK-HDMI,4,110.64,south
2025-05-17,KEYCAP-SET,12,223.93,eu
2025-06-18,INVOICE-PAD,4,46.47,apac
2025-07-19,WIDGET-1,7,391.51,west
2025-08-20,WIDGET-PRO,10,449.32,east
2025-09-21,CABLE-USB,12,516.89,north
2025-10-22,DOCK-HDMI,3,184.64,south
2025-11-23,KEYCAP-SET,5,343.77,eu
2025-12-24,INVOICE-PAD,8,436.57,apac
2025-01-25,WIDGET-1,7,342.46,west
2025-02-26,WIDGET-PRO,10,315.37,east
2025-03-27,CABLE-USB,1,76.47,north
2025-04-28,DOCK-HDMI,9,128.01,south
2025-05-01,KEYCAP-SET,5,71.68,eu
2025-06-02,INVOICE-PAD,8,315.68,apac
2025-07-03,WIDGET-1,1,19.55,west
2025-08-04,WIDGET-PRO,12,846.70,east
2025-09-05,CABLE-USB,13,578.97,north
2025-10-06,DOCK-HDMI,13,1009.98,south
2025-11-07,KEYCAP-SET,13,53.31,eu
2025-12-08,INVOICE-PAD,4,330.56,apac
2025-01-09,WIDGET-1,11,64.48,west
2025-02-10,WIDGET-PRO,4,263.67,east
2025-03-11,CABLE-USB,9,621.00,north
2025-04-12,DOCK-HDMI,12,325.20,south
2025-05-13,KEYCAP-SET,13,605.17,eu
2025-06-14,INVOICE-PAD,7,236.42,apac
2025-07-15,WIDGET-1,3,70.37,west
2025-08-16,WIDGET-PRO,6,329.51,east
2025-09-17,CABLE-USB,13,400.52,north
2025-10-18,DOCK-HDMI,1,25.19,south
2025-11-19,KEYCAP-SET,5,190.87,eu
2025-12-20,INVOICE-PAD,9,216.44,apac
2025-01-21,WIDGET-1,1,82.86,west
2025-02-22,WIDGET-PRO,6,279.00,east
2025-03-23,CABLE-USB,5,363.51,north
2025-04-24,DOCK-HDMI,9,124.76,south
2025-05-25,KEYCAP-SET,3,36.60,eu
2025-06-26,INVOICE-PAD,10,76.49,apac
2025-07-27,WIDGET-1,4,241.68,west
2025-08-28,WIDGET-PRO,3,191.36,east
2025-09-01,CABLE-USB,10,694.54,north
2025-10-02,DOCK-HDMI,7,383.83,south
2025-11-03,KEYCAP-SET,1,47.15,eu
2025-12-04,INVOICE-PAD,11,685.24,apac
2025-01-05,WIDGET-1,13,466.47,west
2025-02-06,WIDGET-PRO,3,90.60,east
2025-03-07,CABLE-USB,10,431.70,north
2025-04-08,DOCK-HDMI,11,289.32,south
2025-05-09,KEYCAP-SET,12,706.16,eu
2025-06-10,INVOICE-PAD,5,342.93,apac
2025-07-11,WIDGET-1,10,599.83,west
2025-08-12,WIDGET-PRO,4,313.91,east
2025-09-13,CABLE-USB,2,59.47,north
2025-10-14,DOCK-HDMI,12,413.43,south
2025-11-15,KEYCAP-SET,5,72.92,eu
2025-12-16,INVOICE-PAD,6,408.80,apac
2025-01-17,WIDGET-1,1,58.40,west
2025-02-18,WIDGET-PRO,7,61.33,east
2025-03-19,CABLE-USB,13,224.15,north
2025-04-20,DOCK-HDMI,10,771.46,south
2025-05-21,KEYCAP-SET,1,65.79,eu
2025-06-22,INVOICE-PAD,1,76.31,apac
2025-07-23,WIDGET-1,2,120.77,west
2025-08-24,WIDGET-PRO,4,134.54,east
2025-09-25,CABLE-USB,1,41.49,north
2025-10-26,DOCK-HDMI,8,612.09,south
2025-11-27,KEYCAP-SET,13,246.11,eu
2025-12-28,INVOICE-PAD,9,460.87,apac
2025-01-01,WIDGET-1,9,67.44,west
2025-02-02,WIDGET-PRO,13,89.45,east
2025-03-03,CABLE-USB,7,82.53,north
2025-04-04,DOCK-HDMI,5,150.98,south
2025-05-05,KEYCAP-SET,4,319.10,eu
2025-06-06,INVOICE-PAD,1,39.87,apac
2025-07-07,WIDGET-1,10,229.19,west
2025-08-08,WIDGET-PRO,1,26.23,east
2025-09-09,CABLE-USB,5,266.49,north
2025-10-10,DOCK-HDMI,10,802.50,south
2025-11-11,KEYCAP-SET,5,130.72,eu
2025-12-12,INVOICE-PAD,7,137.91,apac
2025-01-13,WIDGET-1,13,1016.60,west
2025-02-14,WIDGET-PRO,7,290.79,east
2025-03-15,CABLE-USB,4,249.98,north
2025-04-16,DOCK-HDMI,4,23.10,south
2025-05-17,KEYCAP-SET,13,240.85,eu
2025-06-18,INVOICE-PAD,1,8.94,apac
2025-07-19,WIDGET-1,2,41.66,west
2025-08-20,WIDGET-PRO,5,197.90,east
2025-09-21,CABLE-USB,2,43.88,north
2025-10-22,DOCK-HDMI,7,192.80,south
2025-11-23,KEYCAP-SET,4,113.16,eu
2025-12-24,INVOICE-PAD,11,134.79,apac
2025-01-25,WIDGET-1,1,21.07,west
2025-02-26,WIDGET-PRO,1,23.56,east
2025-03-27,CABLE-USB,5,21.91,north
2025-04-28,DOCK-HDMI,8,79.19,south
2025-05-01,KEYCAP-SET,1,36.29,eu
2025-06-02,INVOICE-PAD,7,126.55,apac
2025-07-03,WIDGET-1,10,681.72,west
2025-08-04,WIDGET-PRO,11,301.43,east
2025-09-05,CABLE-USB,2,164.78,north
2025-10-06,DOCK-HDMI,13,652.44,south
2025-11-07,KEYCAP-SET,11,370.53,eu
2025-12-08,INVOICE-PAD,8,96.24,apac
2025-01-09,WIDGET-1,4,228.74,west
2025-02-10,WIDGET-PRO,5,298.69,east
2025-03-11,CABLE-USB,8,216.35,north
2025-04-12,DOCK-HDMI,7,34.31,south
2025-05-13,KEYCAP-SET,8,389.82,eu
2025-06-14,INVOICE-PAD,13,736.68,apac
2025-07-15,WIDGET-1,6,446.98,west
2025-08-16,WIDGET-PRO,7,351.07,east
2025-09-17,CABLE-USB,10,87.79,north
2025-10-18,DOCK-HDMI,4,136.16,south
2025-11-19,KEYCAP-SET,10,496.83,eu
2025-12-20,INVOICE-PAD,13,509.89,apac
2025-01-21,WIDGET-1,6,262.16,west
2025-02-22,WIDGET-PRO,8,330.35,east
2025-03-23,CABLE-USB,1,17.84,north
2025-04-24,DOCK-HDMI,5,378.72,south
2025-05-25,KEYCAP-SET,8,204.78,eu
2025-06-26,INVOICE-PAD,4,104.74,apac
2025-07-27,WIDGET-1,9,472.53,west
2025-08-28,WIDGET-PRO,7,205.31,east
2025-09-01,CABLE-USB,11,885.52,north
2025-10-02,DOCK-HDMI,11,221.31,south
2025-11-03,KEYCAP-SET,13,851.14,eu
2025-12-04,INVOICE-PAD,12,933.98,apac
2025-01-05,WIDGET-1,9,715.81,west
2025-02-06,WIDGET-PRO,3,172.31,east
2025-03-07,CABLE-USB,1,64.58,north
2025-04-08,DOCK-HDMI,9,630.33,south
2025-05-09,KEYCAP-SET,9,702.47,eu
2025-06-10,INVOICE-PAD,11,691.96,apac
2025-07-11,WIDGET-1,3,234.52,west
2025-08-12,WIDGET-PRO,6,520.03,east
2025-09-13,CABLE-USB,5,357.25,north
2025-10-14,DOCK-HDMI,10,605.71,south
2025-11-15,KEYCAP-SET,2,82.07,eu
2025-12-16,INVOICE-PAD,12,727.44,apac
2025-01-17,WIDGET-1,1,47.71,west
2025-02-18,WIDGET-PRO,11,592.10,east
2025-03-19,CABLE-USB,3,78.83,north
2025-04-20,DOCK-HDMI,2,41.94,south
2025-05-21,KEYCAP-SET,10,341.77,eu
2025-06-22,INVOICE-PAD,3,96.74,apac
2025-07-23,WIDGET-1,8,308.41,west
2025-08-24,WIDGET-PRO,3,155.49,east
2025-09-25,CABLE-USB,4,100.83,north
2025-10-26,DOCK-HDMI,7,352.56,south
2025-11-27,KEYCAP-SET,9,319.38,eu
2025-12-28,INVOICE-PAD,10,850.82,apac
2025-01-01,WIDGET-1,5,52.19,west
2025-02-02,WIDGET-PRO,5,343.17,east
2025-03-03,CABLE-USB,8,281.65,north
2025-04-04,DOCK-HDMI,8,211.51,south
2025-05-05,KEYCAP-SET,8,629.53,eu
2025-06-06,INVOICE-PAD,3,265.14,apac
2025-07-07,WIDGET-1,2,34.94,west
2025-08-08,WIDGET-PRO,13,138.81,east
2025-09-09,CABLE-USB,8,89.75,north
2025-10-10,DOCK-HDMI,9,108.01,south
2025-11-11,KEYCAP-SET,3,87.36,eu
2025-12-12,INVOICE-PAD,3,227.92,apac
2025-01-13,WIDGET-1,6,114.23,west
2025-02-14,WIDGET-PRO,12,44.01,east
2025-03-15,CABLE-USB,9,659.95,north
2025-04-16,DOCK-HDMI,9,189.83,south
2025-05-17,KEYCAP-SET,9,162.07,eu
2025-06-18,INVOICE-PAD,6,477.77,apac
2025-07-19,WIDGET-1,2,9.35,west
2025-08-20,WIDGET-PRO,2,55.93,east
2025-09-21,CABLE-USB,10,135.41,north
2025-10-22,DOCK-HDMI,9,679.64,south
2025-11-23,KEYCAP-SET,7,382.18,eu
2025-12-24,INVOICE-PAD,10,238.30,apac
2025-01-25,WIDGET-1,12,261.28,west
2025-02-26,WIDGET-PRO,7,50.76,east
2025-03-27,CABLE-USB,10,749.00,north
2025-04-28,DOCK-HDMI,7,348.06,south
2025-05-01,KEYCAP-SET,5,331.82,eu
2025-06-02,INVOICE-PAD,4,144.38,apac
2025-07-03,WIDGET-1,2,75.11,west
2025-08-04,WIDGET-PRO,8,54.08,east
2025-09-05,CABLE-USB,9,203.82,north
2025-10-06,DOCK-HDMI,4,42.14,south
2025-11-07,KEYCAP-SET,11,400.45,eu
2025-12-08,INVOICE-PAD,1,30.60,apac
2025-01-09,WIDGET-1,9,552.57,west
2025-02-10,WIDGET-PRO,9,39.52,east
2025-03-11,CABLE-USB,12,745.57,north
2025-04-12,DOCK-HDMI,3,102.51,south
2025-05-13,KEYCAP-SET,6,150.29,eu
2025-06-14,INVOICE-PAD,4,97.17,apac
2025-07-15,WIDGET-1,11,731.77,west
2025-08-16,WIDGET-PRO,2,122.64,east
2025-09-17,CABLE-USB,1,36.92,north
2025-10-18,DOCK-HDMI,2,8.93,south
2025-11-19,KEYCAP-SET,1,50.64,eu
2025-12-20,INVOICE-PAD,4,93.38,apac
2025-01-21,WIDGET-1,5,153.63,west
2025-02-22,WIDGET-PRO,8,354.31,east
2025-03-23,CABLE-USB,12,113.28,north
2025-04-24,DOCK-HDMI,4,25.30,south
2025-05-25,KEYCAP-SET,3,235.26,eu
2025-06-26,INVOICE-PAD,1,49.15,apac
2025-07-27,WIDGET-1,5,349.90,west
2025-08-28,WIDGET-PRO,2,119.82,east
2025-09-01,CABLE-USB,4,218.66,north
2025-10-02,DOCK-HDMI,12,893.68,south
2025-11-03,KEYCAP-SET,7,56.05,eu
2025-12-04,INVOICE-PAD,12,182.02,apac
2025-01-05,WIDGET-1,7,621.43,west
2025-02-06,WIDGET-PRO,5,443.24,east
2025-03-07,CABLE-USB,6,169.04,north
2025-04-08,DOCK-HDMI,1,26.81,south
2025-05-09,KEYCAP-SET,5,185.34,eu
2025-06-10,INVOICE-PAD,12,187.88,apac
2025-07-11,WIDGET-1,6,532.14,west
2025-08-12,WIDGET-PRO,5,286.21,east
2025-09-13,CABLE-USB,1,44.85,north
2025-10-14,DOCK-HDMI,10,124.27,south
2025-11-15,KEYCAP-SET,10,853.72,eu
2025-12-16,INVOICE-PAD,2,57.76,apac
2025-01-17,WIDGET-1,5,205.07,west
2025-02-18,WIDGET-PRO,7,587.27,east
2025-03-19,CABLE-USB,8,490.29,north
2025-04-20,DOCK-HDMI,11,251.06,south
2025-05-21,KEYCAP-SET,2,169.56,eu
2025-06-22,INVOICE-PAD,9,206.80,apac
2025-07-23,WIDGET-1,9,793.01,west
2025-08-24,WIDGET-PRO,11,974.47,east
2025-09-25,CABLE-USB,9,625.05,north
2025-10-26,DOCK-HDMI,1,19.82,south
2025-11-27,KEYCAP-SET,4,142.61,eu
2025-12-28,INVOICE-PAD,12,232.55,apac
2025-01-01,WIDGET-1,10,654.91,west
2025-02-02,WIDGET-PRO,1,41.41,east
2025-03-03,CABLE-USB,8,655.02,north
2025-04-04,DOCK-HDMI,1,59.39,south
2025-05-05,KEYCAP-SET,11,492.71,eu
2025-06-06,INVOICE-PAD,13,1052.23,apac
2025-07-07,WIDGET-1,2,135.85,west
2025-08-08,WIDGET-PRO,12,355.69,east
2025-09-09,CABLE-USB,13,433.64,north
2025-10-10,DOCK-HDMI,2,75.45,south
2025-11-11,KEYCAP-SET,5,262.48,eu
2025-12-12,INVOICE-PAD,8,574.81,apac
2025-01-13,WIDGET-1,12,571.11,west
2025-02-14,WIDGET-PRO,2,63.01,east
2025-03-15,CABLE-USB,3,196.91,north
2025-04-16,DOCK-HDMI,3,164.38,south
2025-05-17,KEYCAP-SET,9,135.17,eu
2025-06-18,INVOICE-PAD,2,43.08,apac
2025-07-19,WIDGET-1,12,563.25,west
2025-08-20,WIDGET-PRO,1,53.49,east
2025-09-21,CABLE-USB,10,639.17,north
2025-10-22,DOCK-HDMI,10,97.17,south
2025-11-23,KEYCAP-SET,8,345.28,eu
2025-12-24,INVOICE-PAD,4,305.91,apac
2025-01-25,WIDGET-1,3,39.51,west
2025-02-26,WIDGET-PRO,7,364.66,east
2025-03-27,CABLE-USB,13,144.09,north
2025-04-28,DOCK-HDMI,11,252.33,south
2025-05-01,KEYCAP-SET,2,65.29,eu
2025-06-02,INVOICE-PAD,8,463.45,apac
2025-07-03,WIDGET-1,2,76.04,west
2025-08-04,WIDGET-PRO,1,15.00,east
2025-09-05,CABLE-USB,7,283.00,north
2025-10-06,DOCK-HDMI,5,24.41,south
2025-11-07,KEYCAP-SET,11,605.09,eu
2025-12-08,INVOICE-PAD,8,401.75,apac
2025-01-09,WIDGET-1,7,385.33,west
2025-02-10,WIDGET-PRO,4,278.93,east
2025-03-11,CABLE-USB,3,103.17,north
2025-04-12,DOCK-HDMI,10,137.51,south
2025-05-13,KEYCAP-SET,3,57.06,eu
2025-06-14,INVOICE-PAD,12,722.04,apac
2025-07-15,WIDGET-1,11,637.37,west
2025-08-16,WIDGET-PRO,5,112.92,east
2025-09-17,CABLE-USB,5,360.15,north
2025-10-18,DOCK-HDMI,5,332.90,south
2025-11-19,KEYCAP-SET,3,28.27,eu
2025-12-20,INVOICE-PAD,2,46.32,apac
2025-01-21,WIDGET-1,11,359.23,west
2025-02-22,WIDGET-PRO,13,958.47,east
2025-03-23,CABLE-USB,10,201.11,north
2025-04-24,DOCK-HDMI,9,428.37,south
2025-05-25,KEYCAP-SET,13,512.50,eu
2025-06-26,INVOICE-PAD,13,273.13,apac
2025-07-27,WIDGET-1,10,860.95,west
2025-08-28,WIDGET-PRO,1,35.21,east
2025-09-01,CABLE-USB,4,77.80,north
2025-10-02,DOCK-HDMI,10,686.37,south
2025-11-03,KEYCAP-SET,9,536.45,eu
2025-12-04,INVOICE-PAD,4,300.12,apac
2025-01-05,WIDGET-1,4,179.99,west
2025-02-06,WIDGET-PRO,11,802.09,east
2025-03-07,CABLE-USB,9,279.88,north
2025-04-08,DOCK-HDMI,9,710.71,south
2025-05-09,KEYCAP-SET,8,593.06,eu
2025-06-10,INVOICE-PAD,6,364.21,apac
2025-07-11,WIDGET-1,4,139.57,west
2025-08-12,WIDGET-PRO,10,592.08,east
2025-09-13,CABLE-USB,12,316.11,north
2025-10-14,DOCK-HDMI,7,270.58,south
2025-11-15,KEYCAP-SET,1,24.11,eu
2025-12-16,INVOICE-PAD,12,776.69,apac
2025-01-17,WIDGET-1,9,600.06,west
2025-02-18,WIDGET-PRO,8,72.51,east
2025-03-19,CABLE-USB,13,894.04,north
2025-04-20,DOCK-HDMI,3,164.83,south
2025-05-21,KEYCAP-SET,13,1081.33,eu
2025-06-22,INVOICE-PAD,11,786.47,apac
2025-07-23,WIDGET-1,4,272.47,west
2025-08-24,WIDGET-PRO,12,118.94,east
2025-09-25,CABLE-USB,1,13.59,north
2025-10-26,DOCK-HDMI,9,422.72,south
2025-11-27,KEYCAP-SET,2,38.42,eu
2025-12-28,INVOICE-PAD,12,506.41,apac
2025-01-01,WIDGET-1,13,1008.77,west
2025-02-02,WIDGET-PRO,13,83.86,east
2025-03-03,CABLE-USB,8,648.78,north
2025-04-04,DOCK-HDMI,11,700.80,south
2025-05-05,KEYCAP-SET,9,98.17,eu
2025-06-06,INVOICE-PAD,9,343.20,apac
2025-07-07,WIDGET-1,7,247.67,west
2025-08-08,WIDGET-PRO,8,74.36,east
2025-09-09,CABLE-USB,12,64.53,north
2025-10-10,DOCK-HDMI,8,638.68,south
2025-11-11,KEYCAP-SET,10,872.63,eu
2025-12-12,INVOICE-PAD,2,102.49,apac
2025-01-13,WIDGET-1,7,350.53,west
2025-02-14,WIDGET-PRO,3,105.93,east
2025-03-15,CABLE-USB,10,414.88,north
2025-04-16,DOCK-HDMI,11,864.96,south
2025-05-17,KEYCAP-SET,11,239.03,eu
2025-06-18,INVOICE-PAD,1,14.77,apac
2025-07-19,WIDGET-1,9,285.52,west
2025-08-20,WIDGET-PRO,11,211.99,east
2025-09-21,CABLE-USB,5,214.07,north
2025-10-22,DOCK-HDMI,11,452.59,south
2025-11-23,KEYCAP-SET,11,257.11,eu
2025-12-24,INVOICE-PAD,1,7.10,apac
2025-01-25,WIDGET-1,6,218.90,west
2025-02-26,WIDGET-PRO,4,103.75,east
2025-03-27,CABLE-USB,6,462.11,north
2025-04-28,DOCK-HDMI,10,700.26,south
2025-05-01,KEYCAP-SET,7,44.19,eu
2025-06-02,INVOICE-PAD,12,316.62,apac
2025-07-03,WIDGET-1,13,1135.43,west
2025-08-04,WIDGET-PRO,8,512.95,east
2025-09-05,CABLE-USB,9,451.52,north
2025-10-06,DOCK-HDMI,8,371.14,south
2025-11-07,KEYCAP-SET,12,708.71,eu
2025-12-08,INVOICE-PAD,7,280.10,apac
2025-01-09,WIDGET-1,6,98.27,west
2025-02-10,WIDGET-PRO,4,335.68,east
2025-03-11,CABLE-USB,9,93.11,north
2025-04-12,DOCK-HDMI,7,147.94,south
2025-05-13,KEYCAP-SET,13,1100.29,eu
2025-06-14,INVOICE-PAD,11,661.32,apac
2025-07-15,WIDGET-1,13,512.25,west
2025-08-16,WIDGET-PRO,5,396.42,east
2025-09-17,CABLE-USB,13,245.53,north
2025-10-18,DOCK-HDMI,10,736.97,south
2025-11-19,KEYCAP-SET,9,100.20,eu
2025-12-20,INVOICE-PAD,1,64.35,apac
2025-01-21,WIDGET-1,1,9.32,west
2025-02-22,WIDGET-PRO,12,256.08,east
2025-03-23,CABLE-USB,1,66.62,north
2025-04-24,DOCK-HDMI,13,354.73,south
2025-05-25,KEYCAP-SET,6,482.59,eu
2025-06-26,INVOICE-PAD,7,216.19,apac
2025-07-27,WIDGET-1,10,531.53,west
2025-08-28,WIDGET-PRO,3,63.59,east
2025-09-01,CABLE-USB,7,498.52,north
2025-10-02,DOCK-HDMI,3,100.97,south
2025-11-03,KEYCAP-SET,1,84.33,eu
2025-12-04,INVOICE-PAD,8,553.86,apac
2025-01-05,WIDGET-1,8,180.79,west
2025-02-06,WIDGET-PRO,12,805.27,east
2025-03-07,CABLE-USB,9,70.62,north
2025-04-08,DOCK-HDMI,8,433.25,south
2025-05-09,KEYCAP-SET,9,260.24,eu
2025-06-10,INVOICE-PAD,1,52.81,apac
2025-07-11,WIDGET-1,1,16.84,west
2025-08-12,WIDGET-PRO,9,613.39,east
2025-09-13,CABLE-USB,7,416.02,north
2025-10-14,DOCK-HDMI,9,453.02,south
2025-11-15,KEYCAP-SET,1,73.37,eu
2025-12-16,INVOICE-PAD,9,68.19,apac
2025-01-17,WIDGET-1,8,57.35,west
2025-02-18,WIDGET-PRO,8,35.49,east
2025-03-19,CABLE-USB,11,534.08,north
2025-04-20,DOCK-HDMI,4,312.33,south
2025-05-21,KEYCAP-SET,13,293.48,eu
2025-06-22,INVOICE-PAD,4,235.66,apac
2025-07-23,WIDGET-1,5,323.00,west
2025-08-24,WIDGET-PRO,13,957.73,east
2025-09-25,CABLE-USB,10,355.38,north
2025-10-26,DOCK-HDMI,1,75.25,south
2025-11-27,KEYCAP-SET,8,331.55,eu
2025-12-28,INVOICE-PAD,13,479.32,apac
2025-01-01,WIDGET-1,5,150.26,west
2025-02-02,WIDGET-PRO,1,77.55,east
2025-03-03,CABLE-USB,12,459.47,north
2025-04-04,DOCK-HDMI,12,535.08,south
2025-05-05,KEYCAP-SET,13,1030.76,eu
2025-06-06,INVOICE-PAD,9,504.44,apac
2025-07-07,WIDGET-1,2,154.73,west
2025-08-08,WIDGET-PRO,7,123.01,east
2025-09-09,CABLE-USB,10,36.67,north
2025-10-10,DOCK-HDMI,6,89.94,south
2025-11-11,KEYCAP-SET,2,170.43,eu
2025-12-12,INVOICE-PAD,10,709.66,apac
2025-01-13,WIDGET-1,13,558.58,west
2025-02-14,WIDGET-PRO,10,134.42,east
2025-03-15,CABLE-USB,1,27.64,north
2025-04-16,DOCK-HDMI,4,325.71,south
2025-05-17,KEYCAP-SET,13,598.62,eu
2025-06-18,INVOICE-PAD,11,426.39,apac
2025-07-19,WIDGET-1,1,60.12,west
2025-08-20,WIDGET-PRO,7,563.38,east
2025-09-21,CABLE-USB,8,117.39,north
2025-10-22,DOCK-HDMI,10,201.47,south
2025-11-23,KEYCAP-SET,3,129.65,eu
2025-12-24,INVOICE-PAD,3,231.35,apac
2025-01-25,WIDGET-1,13,818.56,west
2025-02-26,WIDGET-PRO,3,262.98,east
2025-03-27,CABLE-USB,3,207.96,north
2025-04-28,DOCK-HDMI,7,292.08,south
2025-05-01,KEYCAP-SET,13,637.77,eu
2025-06-02,INVOICE-PAD,1,83.40,apac
2025-07-03,WIDGET-1,9,670.87,west
2025-08-04,WIDGET-PRO,8,402.42,east
2025-09-05,CABLE-USB,2,34.51,north
2025-10-06,DOCK-HDMI,5,357.40,south
2025-11-07,KEYCAP-SET,3,64.72,eu
2025-12-08,INVOICE-PAD,4,177.40,apac
2025-01-09,WIDGET-1,12,962.07,west
2025-02-10,WIDGET-PRO,2,27.26,east
2025-03-11,CABLE-USB,13,315.38,north
2025-04-12,DOCK-HDMI,1,38.79,south
2025-05-13,KEYCAP-SET,11,217.67,eu
2025-06-14,INVOICE-PAD,3,85.09,apac
2025-07-15,WIDGET-1,1,33.60,west
2025-08-16,WIDGET-PRO,5,388.28,east
2025-09-17,CABLE-USB,2,154.93,north
2025-10-18,DOCK-HDMI,7,298.56,south
2025-11-19,KEYCAP-SET,6,183.04,eu
2025-12-20,INVOICE-PAD,2,14.06,apac
2025-01-21,WIDGET-1,4,189.26,west
2025-02-22,WIDGET-PRO,8,553.03,east
2025-03-23,CABLE-USB,7,93.87,north
2025-04-24,DOCK-HDMI,9,101.72,south
2025-05-25,KEYCAP-SET,4,55.90,eu
2025-06-26,INVOICE-PAD,8,454.22,apac
2025-07-27,WIDGET-1,7,294.25,west
2025-08-28,WIDGET-PRO,10,647.18,east
2025-09-01,CABLE-USB,2,43.93,north
2025-10-02,DOCK-HDMI,1,85.29,south
2025-11-03,KEYCAP-SET,12,407.14,eu
2025-12-04,INVOICE-PAD,8,427.85,apac
2025-01-05,WIDGET-1,8,139.81,west
2025-02-06,WIDGET-PRO,10,173.89,east
2025-03-07,CABLE-USB,4,15.75,north
2025-04-08,DOCK-HDMI,2,27.00,south
2025-05-09,KEYCAP-SET,3,238.21,eu
2025-06-10,INVOICE-PAD,4,123.07,apac
2025-07-11,WIDGET-1,10,607.97,west
2025-08-12,WIDGET-PRO,12,631.11,east
2025-09-13,CABLE-USB,9,438.90,north
2025-10-14,DOCK-HDMI,5,218.89,south
2025-11-15,KEYCAP-SET,6,223.27,eu
2025-12-16,INVOICE-PAD,1,82.60,apac
2025-01-17,WIDGET-1,1,58.05,west
2025-02-18,WIDGET-PRO,12,977.40,east
2025-03-19,CABLE-USB,7,37.33,north
2025-04-20,DOCK-HDMI,13,710.16,south
2025-05-21,KEYCAP-SET,1,43.51,eu
2025-06-22,INVOICE-PAD,11,755.13,apac
2025-07-23,WIDGET-1,13,152.31,west
2025-08-24,WIDGET-PRO,12,950.85,east
2025-09-25,CABLE-USB,7,560.87,north
2025-10-26,DOCK-HDMI,3,30.33,south
2025-11-27,KEYCAP-SET,9,567.85,eu
2025-12-28,INVOICE-PAD,7,612.37,apac
2025-01-01,WIDGET-1,11,232.43,west
2025-02-02,WIDGET-PRO,11,885.47,east
2025-03-03,CABLE-USB,6,345.59,north
2025-04-04,DOCK-HDMI,10,657.68,south
2025-05-05,KEYCAP-SET,4,185.52,eu
2025-06-06,INVOICE-PAD,8,388.50,apac
2025-07-07,WIDGET-1,5,235.34,west
2025-08-08,WIDGET-PRO,10,220.79,east
2025-09-09,CABLE-USB,13,912.16,north
2025-10-10,DOCK-HDMI,5,295.70,south
2025-11-11,KEYCAP-SET,4,101.09,eu
2025-12-12,INVOICE-PAD,3,62.97,apac
2025-01-13,WIDGET-1,8,143.99,west
2025-02-14,WIDGET-PRO,2,121.05,east
2025-03-15,CABLE-USB,10,523.24,north
2025-04-16,DOCK-HDMI,9,543.37,south
2025-05-17,KEYCAP-SET,12,912.63,eu
2025-06-18,INVOICE-PAD,9,789.44,apac
2025-07-19,WIDGET-1,5,416.86,west
2025-08-20,WIDGET-PRO,9,776.77,east
2025-09-21,CABLE-USB,7,459.50,north
2025-10-22,DOCK-HDMI,5,318.62,south
2025-11-23,KEYCAP-SET,10,181.83,eu
2025-12-24,INVOICE-PAD,10,109.73,apac
2025-01-25,WIDGET-1,11,492.65,west
2025-02-26,WIDGET-PRO,7,57.02,east
2025-03-27,CABLE-USB,6,322.22,north
2025-04-28,DOCK-HDMI,13,602.70,south
2025-05-01,KEYCAP-SET,1,5.79,eu
2025-06-02,INVOICE-PAD,6,455.59,apac
2025-07-03,WIDGET-1,8,91.07,west
2025-08-04,WIDGET-PRO,1,74.54,east
2025-09-05,CABLE-USB,13,709.51,north
2025-10-06,DOCK-HDMI,6,217.13,south
2025-11-07,KEYCAP-SET,2,35.08,eu
2025-12-08,INVOICE-PAD,13,314.59,apac
2025-01-09,WIDGET-1,10,438.97,west
2025-02-10,WIDGET-PRO,10,507.92,east
2025-03-11,CABLE-USB,2,48.36,north
2025-04-12,DOCK-HDMI,4,270.74,south
2025-05-13,KEYCAP-SET,4,232.69,eu
2025-06-14,INVOICE-PAD,2,61.61,apac
2025-07-15,WIDGET-1,10,845.00,west
2025-08-16,WIDGET-PRO,8,429.42,east
2025-09-17,CABLE-USB,1,72.71,north
2025-10-18,DOCK-HDMI,6,431.85,south
2025-11-19,KEYCAP-SET,7,598.87,eu
2025-12-20,INVOICE-PAD,4,37.24,apac
2025-01-21,WIDGET-1,7,310.56,west
2025-02-22,WIDGET-PRO,12,281.54,east
2025-03-23,CABLE-USB,6,82.78,north
2025-04-24,DOCK-HDMI,9,686.29,south
2025-05-25,KEYCAP-SET,12,912.11,eu
2025-06-26,INVOICE-PAD,11,905.37,apac
2025-07-27,WIDGET-1,8,423.29,west
2025-08-28,WIDGET-PRO,1,75.25,east
2025-09-01,CABLE-USB,12,110.48,north
2025-10-02,DOCK-HDMI,7,182.78,south
2025-11-03,KEYCAP-SET,9,310.03,eu
2025-12-04,INVOICE-PAD,8,210.12,apac
2025-01-05,WIDGET-1,4,41.89,west
2025-02-06,WIDGET-PRO,1,37.64,east
2025-03-07,CABLE-USB,7,565.01,north
2025-04-08,DOCK-HDMI,1,56.81,south
2025-05-09,KEYCAP-SET,2,30.20,eu
2025-06-10,INVOICE-PAD,8,695.93,apac
2025-07-11,WIDGET-1,1,67.17,west
2025-08-12,WIDGET-PRO,9,202.67,east
2025-09-13,CABLE-USB,12,435.62,north
2025-10-14,DOCK-HDMI,10,382.78,south
2025-11-15,KEYCAP-SET,8,636.76,eu
2025-12-16,INVOICE-PAD,13,258.28,apac
2025-01-17,WIDGET-1,1,34.31,west
2025-02-18,WIDGET-PRO,11,699.85,east
2025-03-19,CABLE-USB,5,312.03,north
2025-04-20,DOCK-HDMI,5,64.03,south
2025-05-21,KEYCAP-SET,6,520.29,eu
2025-06-22,INVOICE-PAD,13,987.05,apac
2025-07-23,WIDGET-1,9,271.68,west
2025-08-24,WIDGET-PRO,13,1062.94,east
2025-09-25,CABLE-USB,3,77.68,north
2025-10-26,DOCK-HDMI,1,3.88,south
2025-11-27,KEYCAP-SET,3,18.63,eu
2025-12-28,INVOICE-PAD,12,625.93,apac
2025-01-01,WIDGET-1,11,194.27,west
2025-02-02,WIDGET-PRO,8,313.70,east
2025-03-03,CABLE-USB,2,170.37,north
2025-04-04,DOCK-HDMI,7,434.16,south
2025-05-05,KEYCAP-SET,10,624.13,eu
2025-06-06,INVOICE-PAD,7,600.67,apac
2025-07-07,WIDGET-1,10,272.26,west
2025-08-08,WIDGET-PRO,9,437.23,east
2025-09-09,CABLE-USB,5,334.94,north
2025-10-10,DOCK-HDMI,8,98.83,south
2025-11-11,KEYCAP-SET,5,209.65,eu
2025-12-12,INVOICE-PAD,13,293.29,apac
2025-01-13,WIDGET-1,8,35.31,west
2025-02-14,WIDGET-PRO,13,1133.00,east
2025-03-15,CABLE-USB,4,45.67,north
2025-04-16,DOCK-HDMI,1,18.08,south
2025-05-17,KEYCAP-SET,7,304.46,eu
2025-06-18,INVOICE-PAD,4,250.03,apac
2025-07-19,WIDGET-1,13,364.44,west
2025-08-20,WIDGET-PRO,4,28.50,east
2025-09-21,CABLE-USB,10,858.22,north
2025-10-22,DOCK-HDMI,11,762.22,south
2025-11-23,KEYCAP-SET,11,549.79,eu
2025-12-24,INVOICE-PAD,3,135.70,apac
2025-01-25,WIDGET-1,1,51.19,west
2025-02-26,WIDGET-PRO,13,730.68,east
2025-03-27,CABLE-USB,8,446.18,north
2025-04-28,DOCK-HDMI,1,72.51,south
2025-05-01,KEYCAP-SET,2,88.84,eu
2025-06-02,INVOICE-PAD,13,306.64,apac
2025-07-03,WIDGET-1,1,20.16,west
2025-08-04,WIDGET-PRO,7,599.07,east
2025-09-05,CABLE-USB,6,363.51,north
2025-10-06,DOCK-HDMI,4,326.11,south
2025-11-07,KEYCAP-SET,5,281.41,eu
2025-12-08,INVOICE-PAD,5,273.19,apac
2025-01-09,WIDGET-1,1,74.62,west
2025-02-10,WIDGET-PRO,12,960.08,east
2025-03-11,CABLE-USB,8,182.43,north
2025-04-12,DOCK-HDMI,8,507.28,south
2025-05-13,KEYCAP-SET,5,427.94,eu
2025-06-14,INVOICE-PAD,12,926.86,apac
2025-07-15,WIDGET-1,8,322.63,west
2025-08-16,WIDGET-PRO,2,96.03,east
2025-09-17,CABLE-USB,9,127.22,north
2025-10-18,DOCK-HDMI,8,153.20,south
2025-11-19,KEYCAP-SET,3,192.84,eu
2025-12-20,INVOICE-PAD,3,74.13,apac
2025-01-21,WIDGET-1,13,1033.06,west
2025-02-22,WIDGET-PRO,12,152.58,east
2025-03-23,CABLE-USB,1,69.00,north
2025-04-24,DOCK-HDMI,8,558.51,south
2025-05-25,KEYCAP-SET,2,42.71,eu
2025-06-26,INVOICE-PAD,13,1023.93,apac
2025-07-27,WIDGET-1,12,191.45,west
2025-08-28,WIDGET-PRO,11,390.26,east
2025-09-01,CABLE-USB,13,1155.17,north
2025-10-02,DOCK-HDMI,2,12.39,south
2025-11-03,KEYCAP-SET,2,123.51,eu
2025-12-04,INVOICE-PAD,4,167.93,apac
2025-01-05,WIDGET-1,1,26.45,west
2025-02-06,WIDGET-PRO,9,678.75,east
2025-03-07,CABLE-USB,4,246.72,north
2025-04-08,DOCK-HDMI,9,505.65,south
2025-05-09,KEYCAP-SET,9,198.28,eu
2025-06-10,INVOICE-PAD,6,421.99,apac
2025-07-11,WIDGET-1,11,372.37,west
2025-08-12,WIDGET-PRO,3,28.82,east
2025-09-13,CABLE-USB,9,705.93,north
2025-10-14,DOCK-HDMI,2,165.17,south
2025-11-15,KEYCAP-SET,10,486.33,eu
2025-12-16,INVOICE-PAD,13,521.00,apac
2025-01-17,WIDGET-1,5,209.43,west
2025-02-18,WIDGET-PRO,12,963.46,east
2025-03-19,CABLE-USB,3,112.90,north
2025-04-20,DOCK-HDMI,3,64.05,south
2025-05-21,KEYCAP-SET,10,718.15,eu
2025-06-22,INVOICE-PAD,6,364.40,apac
2025-07-23,WIDGET-1,6,406.31,west
2025-08-24,WIDGET-PRO,11,527.58,east
2025-09-25,CABLE-USB,5,145.53,north
2025-10-26,DOCK-HDMI,8,322.27,south
2025-11-27,KEYCAP-SET,9,749.70,eu
2025-12-28,INVOICE-PAD,7,397.24,apac
2025-01-01,WIDGET-1,2,37.88,west
2025-02-02,WIDGET-PRO,2,152.49,east
2025-03-03,CABLE-USB,1,19.61,north
2025-04-04,DOCK-HDMI,3,205.50,south
2025-05-05,KEYCAP-SET,2,40.36,eu
2025-06-06,INVOICE-PAD,5,102.82,apac
2025-07-07,WIDGET-1,6,232.05,west
2025-08-08,WIDGET-PRO,12,1009.03,east
2025-09-09,CABLE-USB,6,356.42,north
2025-10-10,DOCK-HDMI,4,348.51,south
2025-11-11,KEYCAP-SET,11,616.42,eu
2025-12-12,INVOICE-PAD,12,501.68,apac
2025-01-13,WIDGET-1,8,680.05,west
2025-02-14,WIDGET-PRO,3,212.71,east
2025-03-15,CABLE-USB,1,16.64,north
2025-04-16,DOCK-HDMI,13,527.18,south
2025-05-17,KEYCAP-SET,7,160.69,eu
2025-06-18,INVOICE-PAD,2,109.33,apac
2025-07-19,WIDGET-1,13,112.38,west
2025-08-20,WIDGET-PRO,2,79.08,east
2025-09-21,CABLE-USB,10,616.72,north
2025-10-22,DOCK-HDMI,13,304.61,south
2025-11-23,KEYCAP-SET,5,251.73,eu
2025-12-24,INVOICE-PAD,10,265.05,apac
2025-01-25,WIDGET-1,11,551.30,west
2025-02-26,WIDGET-PRO,5,299.76,east
2025-03-27,CABLE-USB,4,99.46,north
2025-04-28,DOCK-HDMI,2,72.45,south
2025-05-01,KEYCAP-SET,6,387.82,eu
2025-06-02,INVOICE-PAD,5,258.14,apac
2025-07-03,WIDGET-1,1,87.48,west
2025-08-04,WIDGET-PRO,5,388.38,east
2025-09-05,CABLE-USB,10,532.80,north
2025-10-06,DOCK-HDMI,13,880.86,south
2025-11-07,KEYCAP-SET,9,303.24,eu
2025-12-08,INVOICE-PAD,11,435.73,apac
2025-01-09,WIDGET-1,12,363.50,west
2025-02-10,WIDGET-PRO,2,11.76,east
2025-03-11,CABLE-USB,9,179.12,north
2025-04-12,DOCK-HDMI,3,195.86,south
2025-05-13,KEYCAP-SET,12,726.07,eu
2025-06-14,INVOICE-PAD,1,61.42,apac
2025-07-15,WIDGET-1,2,75.83,west
2025-08-16,WIDGET-PRO,12,841.97,east
2025-09-17,CABLE-USB,8,145.38,north
2025-10-18,DOCK-HDMI,8,518.77,south
2025-11-19,KEYCAP-SET,1,71.82,eu
2025-12-20,INVOICE-PAD,3,252.71,apac
2025-01-21,WIDGET-1,6,115.83,west
2025-02-22,WIDGET-PRO,11,915.67,east
2025-03-23,CABLE-USB,10,800.53,north
2025-04-24,DOCK-HDMI,1,81.28,south
2025-05-25,KEYCAP-SET,9,228.55,eu
2025-06-26,INVOICE-PAD,7,405.93,apac
2025-07-27,WIDGET-1,3,38.37,west
2025-08-28,WIDGET-PRO,9,729.96,east
2025-09-01,CABLE-USB,9,790.41,north
2025-10-02,DOCK-HDMI,3,71.58,south
2025-11-03,KEYCAP-SET,11,431.34,eu
2025-12-04,INVOICE-PAD,2,170.26,apac
2025-01-05,WIDGET-1,12,845.62,west
2025-02-06,WIDGET-PRO,4,25.10,east
2025-03-07,CABLE-USB,2,82.83,north
2025-04-08,DOCK-HDMI,11,873.88,south
2025-05-09,KEYCAP-SET,7,31.61,eu
2025-06-10,INVOICE-PAD,10,691.87,apac
2025-07-11,WIDGET-1,5,71.29,west
2025-08-12,WIDGET-PRO,7,505.00,east
2025-09-13,CABLE-USB,4,60.29,north
2025-10-14,DOCK-HDMI,11,746.24,south
2025-11-15,KEYCAP-SET,10,40.91,eu
2025-12-16,INVOICE-PAD,6,116.41,apac
2025-01-17,WIDGET-1,2,134.76,west
2025-02-18,WIDGET-PRO,9,546.02,east
2025-03-19,CABLE-USB,7,122.49,north
2025-04-20,DOCK-HDMI,10,720.00,south
2025-05-21,KEYCAP-SET,2,37.54,eu
2025-06-22,INVOICE-PAD,8,614.90,apac
2025-07-23,WIDGET-1,2,67.01,west
2025-08-24,WIDGET-PRO,12,246.65,east
2025-09-25,CABLE-USB,10,263.48,north
2025-10-26,DOCK-HDMI,9,355.90,south
2025-11-27,KEYCAP-SET,3,211.40,eu
2025-12-28,INVOICE-PAD,7,168.93,apac
2025-01-01,WIDGET-1,4,345.64,west
2025-02-02,WIDGET-PRO,13,183.19,east
2025-03-03,CABLE-USB,11,357.95,north
2025-04-04,DOCK-HDMI,11,212.62,south
2025-05-05,KEYCAP-SET,2,172.50,eu
2025-06-06,INVOICE-PAD,3,57.84,apac
2025-07-07,WIDGET-1,5,178.01,west
2025-08-08,WIDGET-PRO,13,817.87,east
2025-09-09,CABLE-USB,5,64.71,north
2025-10-10,DOCK-HDMI,9,174.99,south
2025-11-11,KEYCAP-SET,8,580.34,eu
2025-12-12,INVOICE-PAD,11,448.66,apac
2025-01-13,WIDGET-1,9,577.06,west
2025-02-14,WIDGET-PRO,13,889.37,east
2025-03-15,CABLE-USB,7,350.87,north
2025-04-16,DOCK-HDMI,12,469.13,south
2025-05-17,KEYCAP-SET,10,366.65,eu
2025-06-18,INVOICE-PAD,11,722.96,apac
2025-07-19,WIDGET-1,7,426.22,west
2025-08-20,WIDGET-PRO,6,320.28,east
2025-09-21,CABLE-USB,4,270.42,north
2025-10-22,DOCK-HDMI,9,473.12,south
2025-11-23,KEYCAP-SET,12,165.38,eu
2025-12-24,INVOICE-PAD,6,232.84,apac
2025-01-25,WIDGET-1,7,380.48,west
2025-02-26,WIDGET-PRO,6,442.72,east
2025-03-27,CABLE-USB,5,208.04,north
2025-04-28,DOCK-HDMI,6,76.62,south
2025-05-01,KEYCAP-SET,11,459.36,eu
2025-06-02,INVOICE-PAD,1,21.72,apac
2025-07-03,WIDGET-1,5,167.27,west
2025-08-04,WIDGET-PRO,9,685.79,east
2025-09-05,CABLE-USB,7,367.23,north
2025-10-06,DOCK-HDMI,7,587.21,south
2025-11-07,KEYCAP-SET,1,27.54,eu
2025-12-08,INVOICE-PAD,3,176.37,apac
2025-01-09,WIDGET-1,2,39.58,west
2025-02-10,WIDGET-PRO,11,221.41,east
2025-03-11,CABLE-USB,1,54.90,north
2025-04-12,DOCK-HDMI,5,391.84,south
2025-05-13,KEYCAP-SET,7,309.46,eu
2025-06-14,INVOICE-PAD,1,51.13,apac
2025-07-15,WIDGET-1,3,113.21,west
2025-08-16,WIDGET-PRO,4,104.59,east
2025-09-17,CABLE-USB,12,935.78,north
2025-10-18,DOCK-HDMI,8,114.33,south
2025-11-19,KEYCAP-SET,7,315.58,eu
2025-12-20,INVOICE-PAD,12,637.60,apac
2025-01-21,WIDGET-1,12,839.72,west
2025-02-22,WIDGET-PRO,7,345.68,east
2025-03-23,CABLE-USB,8,592.93,north
2025-04-24,DOCK-HDMI,3,183.25,south
2025-05-25,KEYCAP-SET,7,600.12,eu
2025-06-26,INVOICE-PAD,7,71.34,apac
2025-07-27,WIDGET-1,8,243.05,west
2025-08-28,WIDGET-PRO,3,64.71,east
2025-09-01,CABLE-USB,7,555.17,north
2025-10-02,DOCK-HDMI,8,463.15,south
2025-11-03,KEYCAP-SET,12,342.43,eu
2025-12-04,INVOICE-PAD,12,200.19,apac
2025-01-05,WIDGET-1,3,224.70,west
2025-02-06,WIDGET-PRO,7,187.55,east
2025-03-07,CABLE-USB,10,545.77,north
2025-04-08,DOCK-HDMI,7,524.10,south
2025-05-09,KEYCAP-SET,10,307.23,eu
2025-06-10,INVOICE-PAD,11,44.40,apac
2025-07-11,WIDGET-1,12,1048.55,west
2025-08-12,WIDGET-PRO,1,47.03,east
2025-09-13,CABLE-USB,1,88.35,north
2025-10-14,DOCK-HDMI,11,780.50,south
2025-11-15,KEYCAP-SET,7,412.51,eu
2025-12-16,INVOICE-PAD,10,763.88,apac
2025-01-17,WIDGET-1,5,139.80,west
2025-02-18,WIDGET-PRO,3,131.25,east
2025-03-19,CABLE-USB,6,387.88,north
2025-04-20,DOCK-HDMI,11,200.09,south
2025-05-21,KEYCAP-SET,7,88.71,eu
2025-06-22,INVOICE-PAD,8,395.35,apac
2025-07-23,WIDGET-1,4,258.15,west
2025-08-24,WIDGET-PRO,13,754.90,east
2025-09-25,CABLE-USB,3,65.67,north
2025-10-26,DOCK-HDMI,6,335.97,south
2025-11-27,KEYCAP-SET,8,389.04,eu
2025-12-28,INVOICE-PAD,11,924.44,apac
2025-01-01,WIDGET-1,4,129.93,west
2025-02-02,WIDGET-PRO,10,522.09,east
2025-03-03,CABLE-USB,7,43.29,north
2025-04-04,DOCK-HDMI,1,61.35,south
2025-05-05,KEYCAP-SET,13,1010.06,eu
2025-06-06,INVOICE-PAD,2,177.55,apac
2025-07-07,WIDGET-1,10,621.57,west
2025-08-08,WIDGET-PRO,12,153.34,east
2025-09-09,CABLE-USB,1,35.31,north
2025-10-10,DOCK-HDMI,5,169.18,south
2025-11-11,KEYCAP-SET,3,154.79,eu
2025-12-12,INVOICE-PAD,4,62.99,apac
2025-01-13,WIDGET-1,12,440.14,west
2025-02-14,WIDGET-PRO,1,35.62,east
2025-03-15,CABLE-USB,1,77.25,north
2025-04-16,DOCK-HDMI,12,545.49,south
2025-05-17,KEYCAP-SET,7,159.82,eu
2025-06-18,INVOICE-PAD,11,158.56,apac
2025-07-19,WIDGET-1,7,203.95,west
2025-08-20,WIDGET-PRO,8,705.52,east
2025-09-21,CABLE-USB,11,247.25,north
2025-10-22,DOCK-HDMI,6,94.36,south
2025-11-23,KEYCAP-SET,13,404.64,eu
2025-12-24,INVOICE-PAD,9,387.17,apac
2025-01-25,WIDGET-1,12,55.66,west
2025-02-26,WIDGET-PRO,10,593.91,east
2025-03-27,CABLE-USB,11,131.68,north
2025-04-28,DOCK-HDMI,8,28.37,south
2025-05-01,KEYCAP-SET,8,594.73,eu
2025-06-02,INVOICE-PAD,11,882.78,apac
2025-07-03,WIDGET-1,2,84.25,west
2025-08-04,WIDGET-PRO,7,393.34,east
2025-09-05,CABLE-USB,2,171.40,north
2025-10-06,DOCK-HDMI,12,524.25,south
2025-11-07,KEYCAP-SET,3,189.59,eu
2025-12-08,INVOICE-PAD,9,717.11,apac
2025-01-09,WIDGET-1,9,456.16,west
2025-02-10,WIDGET-PRO,4,207.77,east
2025-03-11,CABLE-USB,7,124.59,north
2025-04-12,DOCK-HDMI,5,124.08,south
2025-05-13,KEYCAP-SET,13,504.50,eu
2025-06-14,INVOICE-PAD,2,91.32,apac
2025-07-15,WIDGET-1,4,150.77,west
2025-08-16,WIDGET-PRO,11,683.20,east
2025-09-17,CABLE-USB,4,339.00,north
2025-10-18,DOCK-HDMI,12,811.26,south
2025-11-19,KEYCAP-SET,1,80.83,eu
2025-12-20,INVOICE-PAD,5,379.24,apac
2025-01-21,WIDGET-1,11,741.24,west
2025-02-22,WIDGET-PRO,4,233.54,east
2025-03-23,CABLE-USB,13,434.34,north
2025-04-24,DOCK-HDMI,7,308.93,south
2025-05-25,KEYCAP-SET,6,161.42,eu
2025-06-26,INVOICE-PAD,10,425.38,apac
2025-07-27,WIDGET-1,8,415.56,west
2025-08-28,WIDGET-PRO,4,115.87,east
2025-09-01,CABLE-USB,5,433.57,north
2025-10-02,DOCK-HDMI,3,209.48,south
2025-11-03,KEYCAP-SET,6,311.81,eu
2025-12-04,INVOICE-PAD,12,1012.51,apac
2025-01-05,WIDGET-1,1,17.19,west
2025-02-06,WIDGET-PRO,1,20.63,east
2025-03-07,CABLE-USB,11,263.57,north
2025-04-08,DOCK-HDMI,4,233.91,south
2025-05-09,KEYCAP-SET,9,303.23,eu
2025-06-10,INVOICE-PAD,8,622.79,apac
2025-07-11,WIDGET-1,12,1013.17,west
2025-08-12,WIDGET-PRO,7,490.62,east
2025-09-13,CABLE-USB,12,669.09,north
2025-10-14,DOCK-HDMI,2,140.46,south
2025-11-15,KEYCAP-SET,7,480.08,eu
2025-12-16,INVOICE-PAD,12,429.75,apac
2025-01-17,WIDGET-1,13,657.90,west
2025-02-18,WIDGET-PRO,8,139.98,east
2025-03-19,CABLE-USB,9,108.58,north
2025-04-20,DOCK-HDMI,13,919.50,south
2025-05-21,KEYCAP-SET,1,70.05,eu
2025-06-22,INVOICE-PAD,12,470.37,apac
2025-07-23,WIDGET-1,7,324.14,west
2025-08-24,WIDGET-PRO,7,501.59,east
2025-09-25,CABLE-USB,5,340.64,north
2025-10-26,DOCK-HDMI,6,173.62,south
2025-11-27,KEYCAP-SET,6,324.17,eu
2025-12-28,INVOICE-PAD,11,365.48,apac
2025-01-01,WIDGET-1,9,149.85,west
2025-02-02,WIDGET-PRO,10,63.52,east
2025-03-03,CABLE-USB,11,608.51,north
2025-04-04,DOCK-HDMI,2,55.83,south
2025-05-05,KEYCAP-SET,3,105.75,eu
2025-06-06,INVOICE-PAD,2,79.40,apac
2025-07-07,WIDGET-1,3,149.53,west
2025-08-08,WIDGET-PRO,10,517.38,east
2025-09-09,CABLE-USB,6,154.56,north
2025-10-10,DOCK-HDMI,8,500.49,south
2025-11-11,KEYCAP-SET,8,651.26,eu
2025-12-12,INVOICE-PAD,2,49.41,apac
2025-01-13,WIDGET-1,2,46.40,west
2025-02-14,WIDGET-PRO,2,20.48,east
2025-03-15,CABLE-USB,3,102.10,north
2025-04-16,DOCK-HDMI,11,772.24,south
2025-05-17,KEYCAP-SET,2,115.92,eu
2025-06-18,INVOICE-PAD,11,665.41,apac
2025-07-19,WIDGET-1,11,472.69,west
2025-08-20,WIDGET-PRO,2,25.96,east
2025-09-21,CABLE-USB,12,227.21,north
2025-10-22,DOCK-HDMI,8,600.27,south
2025-11-23,KEYCAP-SET,9,538.08,eu
2025-12-24,INVOICE-PAD,12,577.77,apac
2025-01-25,WIDGET-1,13,872.89,west
2025-02-26,WIDGET-PRO,2,37.34,east
2025-03-27,CABLE-USB,12,693.76,north
2025-04-28,DOCK-HDMI,7,26.53,south
2025-05-01,KEYCAP-SET,4,280.80,eu
2025-06-02,INVOICE-PAD,11,891.64,apac
2025-07-03,WIDGET-1,5,145.78,west
2025-08-04,WIDGET-PRO,1,50.17,east
2025-09-05,CABLE-USB,12,1025.23,north
2025-10-06,DOCK-HDMI,13,796.56,south
2025-11-07,KEYCAP-SET,11,141.84,eu
2025-12-08,INVOICE-PAD,2,157.74,apac
2025-01-09,WIDGET-1,8,285.83,west
2025-02-10,WIDGET-PRO,10,319.63,east
2025-03-11,CABLE-USB,10,670.02,north
2025-04-12,DOCK-HDMI,9,667.62,south
2025-05-13,KEYCAP-SET,4,140.90,eu
2025-06-14,INVOICE-PAD,9,403.38,apac
2025-07-15,WIDGET-1,10,876.27,west
2025-08-16,WIDGET-PRO,13,1024.04,east
2025-09-17,CABLE-USB,11,611.33,north
2025-10-18,DOCK-HDMI,7,617.84,south
2025-11-19,KEYCAP-SET,12,469.78,eu
2025-12-20,INVOICE-PAD,12,318.32,apac
2025-01-21,WIDGET-1,10,565.40,west
2025-02-22,WIDGET-PRO,4,87.38,east
2025-03-23,CABLE-USB,2,175.62,north
2025-04-24,DOCK-HDMI,12,282.22,south
2025-05-25,KEYCAP-SET,12,947.93,eu
2025-06-26,INVOICE-PAD,1,72.74,apac
2025-07-27,WIDGET-1,2,22.13,west
2025-08-28,WIDGET-PRO,3,52.75,east
2025-09-01,CABLE-USB,8,150.58,north
2025-10-02,DOCK-HDMI,8,393.20,south
2025-11-03,KEYCAP-SET,5,382.25,eu
2025-12-04,INVOICE-PAD,11,324.26,apac
2025-01-05,WIDGET-1,12,148.45,west
2025-02-06,WIDGET-PRO,11,466.86,east
2025-03-07,CABLE-USB,13,395.48,north
2025-04-08,DOCK-HDMI,9,729.49,south
2025-05-09,KEYCAP-SET,8,243.67,eu
2025-06-10,INVOICE-PAD,6,95.85,apac
2025-07-11,WIDGET-1,1,68.78,west
2025-08-12,WIDGET-PRO,1,28.97,east
2025-09-13,CABLE-USB,8,643.61,north
2025-10-14,DOCK-HDMI,1,4.69,south
2025-11-15,KEYCAP-SET,4,319.05,eu
2025-12-16,INVOICE-PAD,2,46.60,apac
2025-01-17,WIDGET-1,6,77.86,west
2025-02-18,WIDGET-PRO,3,223.54,east
2025-03-19,CABLE-USB,2,87.09,north
2025-04-20,DOCK-HDMI,7,564.08,south
2025-05-21,KEYCAP-SET,6,484.71,eu
2025-06-22,INVOICE-PAD,2,9.15,apac
2025-07-23,WIDGET-1,5,116.03,west
2025-08-24,WIDGET-PRO,8,571.99,east
2025-09-25,CABLE-USB,5,122.47,north
2025-10-26,DOCK-HDMI,12,46.11,south
2025-11-27,KEYCAP-SET,3,174.00,eu
2025-12-28,INVOICE-PAD,6,311.86,apac
2025-01-01,WIDGET-1,1,71.58,west
2025-02-02,WIDGET-PRO,9,684.94,east
2025-03-03,CABLE-USB,8,142.83,north
2025-04-04,DOCK-HDMI,6,323.85,south
2025-05-05,KEYCAP-SET,7,139.93,eu
2025-06-06,INVOICE-PAD,11,425.54,apac
2025-07-07,WIDGET-1,12,793.42,west
2025-08-08,WIDGET-PRO,9,470.71,east
2025-09-09,CABLE-USB,13,697.74,north
2025-10-10,DOCK-HDMI,4,305.75,south
2025-11-11,KEYCAP-SET,2,136.34,eu
2025-12-12,INVOICE-PAD,4,205.73,apac
2025-01-13,WIDGET-1,9,577.95,west
2025-02-14,WIDGET-PRO,10,298.63,east
2025-03-15,CABLE-USB,5,304.96,north
2025-04-16,DOCK-HDMI,5,370.57,south
2025-05-17,KEYCAP-SET,8,514.19,eu
2025-06-18,INVOICE-PAD,8,62.81,apac
2025-07-19,WIDGET-1,3,253.37,west
2025-08-20,WIDGET-PRO,1,87.68,east
2025-09-21,CABLE-USB,9,245.15,north
2025-10-22,DOCK-HDMI,6,79.26,south
2025-11-23,KEYCAP-SET,9,287.34,eu
2025-12-24,INVOICE-PAD,6,142.72,apac
2025-01-25,WIDGET-1,3,244.40,west
2025-02-26,WIDGET-PRO,7,413.22,east
2025-03-27,CABLE-USB,1,75.02,north
2025-04-28,DOCK-HDMI,7,604.62,south
2025-05-01,KEYCAP-SET,8,665.51,eu
2025-06-02,INVOICE-PAD,13,750.37,apac
2025-07-03,WIDGET-1,7,391.55,west
2025-08-04,WIDGET-PRO,2,52.14,east
2025-09-05,CABLE-USB,3,258.79,north
2025-10-06,DOCK-HDMI,12,940.57,south
2025-11-07,KEYCAP-SET,13,89.59,eu
2025-12-08,INVOICE-PAD,3,131.85,apac
2025-01-09,WIDGET-1,2,89.11,west
2025-02-10,WIDGET-PRO,1,15.46,east
2025-03-11,CABLE-USB,9,630.03,north
2025-04-12,DOCK-HDMI,7,621.44,south
2025-05-13,KEYCAP-SET,13,759.56,eu
2025-06-14,INVOICE-PAD,11,497.31,apac
2025-07-15,WIDGET-1,1,60.73,west
2025-08-16,WIDGET-PRO,9,400.04,east
2025-09-17,CABLE-USB,12,885.50,north
2025-10-18,DOCK-HDMI,8,599.17,south
2025-11-19,KEYCAP-SET,6,457.83,eu
2025-12-20,INVOICE-PAD,4,201.64,apac
2025-01-21,WIDGET-1,10,438.50,west
2025-02-22,WIDGET-PRO,11,376.52,east
2025-03-23,CABLE-USB,9,39.46,north
2025-04-24,DOCK-HDMI,1,88.14,south
2025-05-25,KEYCAP-SET,3,48.24,eu
2025-06-26,INVOICE-PAD,9,256.94,apac
2025-07-27,WIDGET-1,6,102.71,west
2025-08-28,WIDGET-PRO,5,303.23,east
2025-09-01,CABLE-USB,11,662.32,north
2025-10-02,DOCK-HDMI,3,240.91,south
2025-11-03,KEYCAP-SET,2,121.34,eu
2025-12-04,INVOICE-PAD,11,686.16,apac
2025-01-05,WIDGET-1,3,20.57,west
2025-02-06,WIDGET-PRO,8,198.67,east
2025-03-07,CABLE-USB,12,367.15,north
2025-04-08,DOCK-HDMI,1,35.66,south
2025-05-09,KEYCAP-SET,5,397.71,eu
2025-06-10,INVOICE-PAD,7,60.11,apac
2025-07-11,WIDGET-1,12,699.72,west
2025-08-12,WIDGET-PRO,2,177.62,east
2025-09-13,CABLE-USB,12,378.01,north
2025-10-14,DOCK-HDMI,1,65.87,south
2025-11-15,KEYCAP-SET,9,422.78,eu
2025-12-16,INVOICE-PAD,1,87.73,apac
2025-01-17,WIDGET-1,12,999.84,west
2025-02-18,WIDGET-PRO,12,891.75,east
2025-03-19,CABLE-USB,13,976.69,north
2025-04-20,DOCK-HDMI,5,272.32,south
2025-05-21,KEYCAP-SET,3,23.07,eu
2025-06-22,INVOICE-PAD,3,112.88,apac
2025-07-23,WIDGET-1,13,922.15,west
2025-08-24,WIDGET-PRO,3,11.13,east
2025-09-25,CABLE-USB,4,294.12,north
2025-10-26,DOCK-HDMI,12,601.30,south
2025-11-27,KEYCAP-SET,7,43.47,eu
2025-12-28,INVOICE-PAD,2,147.95,apac
2025-01-01,WIDGET-1,2,40.57,west
2025-02-02,WIDGET-PRO,6,301.45,east
2025-03-03,CABLE-USB,6,327.25,north
2025-04-04,DOCK-HDMI,1,13.94,south
2025-05-05,KEYCAP-SET,1,45.08,eu
2025-06-06,INVOICE-PAD,8,343.91,apac
2025-07-07,WIDGET-1,5,160.70,west
2025-08-08,WIDGET-PRO,12,728.01,east
2025-09-09,CABLE-USB,5,323.09,north
2025-10-10,DOCK-HDMI,12,873.67,south
2025-11-11,KEYCAP-SET,7,197.80,eu
2025-12-12,INVOICE-PAD,4,80.98,apac
2025-01-13,WIDGET-1,6,227.12,west
2025-02-14,WIDGET-PRO,9,625.24,east
2025-03-15,CABLE-USB,6,517.37,north
2025-04-16,DOCK-HDMI,5,376.74,south
2025-05-17,KEYCAP-SET,11,665.15,eu
2025-06-18,INVOICE-PAD,13,676.48,apac
2025-07-19,WIDGET-1,13,1101.35,west
2025-08-20,WIDGET-PRO,5,200.02,east
2025-09-21,CABLE-USB,5,365.28,north
2025-10-22,DOCK-HDMI,13,855.41,south
2025-11-23,KEYCAP-SET,1,72.72,eu
2025-12-24,INVOICE-PAD,11,319.98,apac
2025-01-25,WIDGET-1,10,700.03,west
2025-02-26,WIDGET-PRO,1,40.18,east
2025-03-27,CABLE-USB,10,228.35,north
2025-04-28,DOCK-HDMI,12,60.34,south
2025-05-01,KEYCAP-SET,8,312.53,eu
2025-06-02,INVOICE-PAD,3,98.77,apac
2025-07-03,WIDGET-1,11,41.65,west
2025-08-04,WIDGET-PRO,2,174.25,east
2025-09-05,CABLE-USB,9,219.99,north
2025-10-06,DOCK-HDMI,8,106.69,south
2025-11-07,KEYCAP-SET,13,352.47,eu
2025-12-08,INVOICE-PAD,4,306.78,apac
2025-01-09,WIDGET-1,5,138.42,west
2025-02-10,WIDGET-PRO,13,258.36,east
2025-03-11,CABLE-USB,7,189.69,north
2025-04-12,DOCK-HDMI,8,72.67,south
2025-05-13,KEYCAP-SET,6,317.72,eu
2025-06-14,INVOICE-PAD,10,125.60,apac
2025-07-15,WIDGET-1,5,189.66,west
2025-08-16,WIDGET-PRO,11,541.72,east
2025-09-17,CABLE-USB,11,170.86,north
2025-10-18,DOCK-HDMI,9,35.10,south
2025-11-19,KEYCAP-SET,3,180.05,eu
2025-12-20,INVOICE-PAD,12,887.52,apac
2025-01-21,WIDGET-1,13,1086.61,west
2025-02-22,WIDGET-PRO,2,31.55,east
2025-03-23,CABLE-USB,6,44.06,north
2025-04-24,DOCK-HDMI,7,116.18,south
2025-05-25,KEYCAP-SET,5,421.04,eu
2025-06-26,INVOICE-PAD,1,25.52,apac
2025-07-27,WIDGET-1,3,248.70,west
2025-08-28,WIDGET-PRO,13,147.35,east
2025-09-01,CABLE-USB,5,244.75,north
2025-10-02,DOCK-HDMI,4,349.43,south
2025-11-03,KEYCAP-SET,4,351.99,eu
2025-12-04,INVOICE-PAD,5,189.99,apac
2025-01-05,WIDGET-1,4,114.62,west
2025-02-06,WIDGET-PRO,1,79.92,east
2025-03-07,CABLE-USB,11,895.98,north
2025-04-08,DOCK-HDMI,12,287.50,south
2025-05-09,KEYCAP-SET,13,125.53,eu
2025-06-10,INVOICE-PAD,1,35.00,apac
2025-07-11,WIDGET-1,1,37.67,west
2025-08-12,WIDGET-PRO,4,38.77,east
2025-09-13,CABLE-USB,3,198.27,north
2025-10-14,DOCK-HDMI,2,45.75,south
2025-11-15,KEYCAP-SET,10,201.81,eu
2025-12-16,INVOICE-PAD,3,155.16,apac
2025-01-17,WIDGET-1,8,235.49,west
2025-02-18,WIDGET-PRO,5,262.59,east
2025-03-19,CABLE-USB,1,50.83,north
2025-04-20,DOCK-HDMI,1,72.92,south
2025-05-21,KEYCAP-SET,3,123.63,eu
2025-06-22,INVOICE-PAD,10,513.18,apac
2025-07-23,WIDGET-1,11,215.71,west
2025-08-24,WIDGET-PRO,8,647.85,east
2025-09-25,CABLE-USB,6,463.90,north
2025-10-26,DOCK-HDMI,4,249.66,south
2025-11-27,KEYCAP-SET,1,30.29,eu
2025-12-28,INVOICE-PAD,3,110.44,apac
2025-01-01,WIDGET-1,9,390.05,west
2025-02-02,WIDGET-PRO,6,121.76,east
2025-03-03,CABLE-USB,4,164.83,north
2025-04-04,DOCK-HDMI,12,224.82,south
2025-05-05,KEYCAP-SET,2,124.75,eu
2025-06-06,INVOICE-PAD,11,805.04,apac
2025-07-07,WIDGET-1,10,117.74,west
2025-08-08,WIDGET-PRO,10,105.11,east
2025-09-09,CABLE-USB,6,191.21,north
2025-10-10,DOCK-HDMI,13,182.87,south
2025-11-11,KEYCAP-SET,13,1096.96,eu
2025-12-12,INVOICE-PAD,12,212.36,apac
2025-01-13,WIDGET-1,1,70.52,west
2025-02-14,WIDGET-PRO,7,262.06,east
2025-03-15,CABLE-USB,5,361.49,north
2025-04-16,DOCK-HDMI,5,195.99,south
2025-05-17,KEYCAP-SET,8,246.67,eu
2025-06-18,INVOICE-PAD,7,61.05,apac
2025-07-19,WIDGET-1,1,25.35,west
2025-08-20,WIDGET-PRO,7,354.37,east
2025-09-21,CABLE-USB,7,247.51,north
2025-10-22,DOCK-HDMI,12,309.94,south
2025-11-23,KEYCAP-SET,12,125.77,eu
2025-12-24,INVOICE-PAD,11,967.73,apac
2025-01-25,WIDGET-1,3,103.43,west
2025-02-26,WIDGET-PRO,3,257.66,east
2025-03-27,CABLE-USB,6,354.99,north
2025-04-28,DOCK-HDMI,5,59.48,south
2025-05-01,KEYCAP-SET,9,559.41,eu
2025-06-02,INVOICE-PAD,6,160.70,apac
2025-07-03,WIDGET-1,1,44.27,west
2025-08-04,WIDGET-PRO,9,113.93,east
2025-09-05,CABLE-USB,2,139.91,north
2025-10-06,DOCK-HDMI,5,407.58,south
2025-11-07,KEYCAP-SET,3,146.83,eu
2025-12-08,INVOICE-PAD,11,822.03,apac
2025-01-09,WIDGET-1,1,9.35,west
2025-02-10,WIDGET-PRO,6,40.65,east
2025-03-11,CABLE-USB,12,406.13,north
2025-04-12,DOCK-HDMI,12,264.58,south
2025-05-13,KEYCAP-SET,13,1067.91,eu
2025-06-14,INVOICE-PAD,2,49.78,apac
2025-07-15,WIDGET-1,6,58.11,west
2025-08-16,WIDGET-PRO,8,610.63,east
2025-09-17,CABLE-USB,5,253.61,north
2025-10-18,DOCK-HDMI,1,77.21,south
2025-11-19,KEYCAP-SET,3,90.73,eu
2025-12-20,INVOICE-PAD,11,225.47,apac
2025-01-21,WIDGET-1,6,415.33,west
2025-02-22,WIDGET-PRO,11,495.26,east
2025-03-23,CABLE-USB,5,54.52,north
2025-04-24,DOCK-HDMI,6,243.44,south
2025-05-25,KEYCAP-SET,8,549.76,eu
2025-06-26,INVOICE-PAD,1,75.13,apac
2025-07-27,WIDGET-1,4,160.18,west
2025-08-28,WIDGET-PRO,5,308.97,east
2025-09-01,CABLE-USB,4,320.84,north
2025-10-02,DOCK-HDMI,8,295.25,south
2025-11-03,KEYCAP-SET,11,456.06,eu
2025-12-04,INVOICE-PAD,11,149.77,apac
2025-01-05,WIDGET-1,5,186.42,west
2025-02-06,WIDGET-PRO,1,53.31,east
2025-03-07,CABLE-USB,12,749.59,north
2025-04-08,DOCK-HDMI,1,25.06,south
2025-05-09,KEYCAP-SET,9,752.27,eu
2025-06-10,INVOICE-PAD,10,711.65,apac
2025-07-11,WIDGET-1,6,194.74,west
2025-08-12,WIDGET-PRO,8,359.57,east
2025-09-13,CABLE-USB,2,151.45,north
2025-10-14,DOCK-HDMI,11,91.09,south
2025-11-15,KEYCAP-SET,9,71.41,eu
2025-12-16,INVOICE-PAD,9,198.23,apac
2025-01-17,WIDGET-1,6,417.29,west
2025-02-18,WIDGET-PRO,1,29.26,east
2025-03-19,CABLE-USB,3,192.20,north
2025-04-20,DOCK-HDMI,9,622.45,south
2025-05-21,KEYCAP-SET,7,49.01,eu
2025-06-22,INVOICE-PAD,8,98.88,apac
2025-07-23,WIDGET-1,8,424.53,west
2025-08-24,WIDGET-PRO,8,92.29,east
2025-09-25,CABLE-USB,5,198.79,north
2025-10-26,DOCK-HDMI,12,475.70,south
2025-11-27,KEYCAP-SET,13,139.19,eu
2025-12-28,INVOICE-PAD,13,353.09,apac
2025-01-01,WIDGET-1,7,110.63,west
2025-02-02,WIDGET-PRO,13,329.62,east
2025-03-03,CABLE-USB,3,157.06,north
2025-04-04,DOCK-HDMI,1,48.25,south
2025-05-05,KEYCAP-SET,8,215.01,eu
2025-06-06,INVOICE-PAD,12,926.72,apac
2025-07-07,WIDGET-1,1,54.44,west
2025-08-08,WIDGET-PRO,13,153.24,east
2025-09-09,CABLE-USB,12,922.60,north
2025-10-10,DOCK-HDMI,10,542.57,south
2025-11-11,KEYCAP-SET,3,182.18,eu
2025-12-12,INVOICE-PAD,6,509.74,apac
2025-01-13,WIDGET-1,13,739.54,west
2025-02-14,WIDGET-PRO,8,151.10,east
2025-03-15,CABLE-USB,5,159.80,north
2025-04-16,DOCK-HDMI,10,369.16,south
2025-05-17,KEYCAP-SET,1,42.79,eu
2025-06-18,INVOICE-PAD,13,279.62,apac
2025-07-19,WIDGET-1,3,168.00,west
2025-08-20,WIDGET-PRO,4,259.61,east
2025-09-21,CABLE-USB,6,405.32,north
2025-10-22,DOCK-HDMI,5,130.81,south
2025-11-23,KEYCAP-SET,9,383.57,eu
2025-12-24,INVOICE-PAD,11,352.85,apac
2025-01-25,WIDGET-1,3,150.78,west
2025-02-26,WIDGET-PRO,3,20.54,east
2025-03-27,CABLE-USB,8,431.59,north
2025-04-28,DOCK-HDMI,3,58.55,south
2025-05-01,KEYCAP-SET,11,894.96,eu
2025-06-02,INVOICE-PAD,2,169.43,apac
2025-07-03,WIDGET-1,4,258.47,west
2025-08-04,WIDGET-PRO,6,82.11,east
2025-09-05,CABLE-USB,2,50.52,north
2025-10-06,DOCK-HDMI,7,507.45,south
2025-11-07,KEYCAP-SET,13,812.01,eu
2025-12-08,INVOICE-PAD,2,109.39,apac
2025-01-09,WIDGET-1,6,240.39,west
2025-02-10,WIDGET-PRO,8,143.84,east
2025-03-11,CABLE-USB,1,23.02,north
2025-04-12,DOCK-HDMI,13,305.94,south
2025-05-13,KEYCAP-SET,5,330.34,eu
2025-06-14,INVOICE-PAD,5,221.58,apac
2025-07-15,WIDGET-1,13,1060.34,west
2025-08-16,WIDGET-PRO,1,23.18,east
2025-09-17,CABLE-USB,4,247.00,north
2025-10-18,DOCK-HDMI,9,431.63,south
2025-11-19,KEYCAP-SET,3,17.61,eu
2025-12-20,INVOICE-PAD,8,505.07,apac
2025-01-21,WIDGET-1,11,798.64,west
2025-02-22,WIDGET-PRO,10,535.06,east
2025-03-23,CABLE-USB,8,330.68,north
2025-04-24,DOCK-HDMI,2,50.87,south
2025-05-25,KEYCAP-SET,5,286.92,eu
2025-06-26,INVOICE-PAD,11,627.99,apac
2025-07-27,WIDGET-1,10,256.33,west
2025-08-28,WIDGET-PRO,13,762.53,east
2025-09-01,CABLE-USB,8,397.87,north
2025-10-02,DOCK-HDMI,4,119.57,south
2025-11-03,KEYCAP-SET,8,458.71,eu
2025-12-04,INVOICE-PAD,9,52.52,apac
2025-01-05,WIDGET-1,11,661.61,west
2025-02-06,WIDGET-PRO,11,257.16,east
2025-03-07,CABLE-USB,10,345.48,north
2025-04-08,DOCK-HDMI,10,349.36,south
2025-05-09,KEYCAP-SET,6,178.44,eu
2025-06-10,INVOICE-PAD,7,203.28,apac
2025-07-11,WIDGET-1,3,75.11,west
2025-08-12,WIDGET-PRO,7,572.58,east
2025-09-13,CABLE-USB,12,611.95,north
2025-10-14,DOCK-HDMI,5,55.32,south
2025-11-15,KEYCAP-SET,3,16.06,eu
2025-12-16,INVOICE-PAD,6,61.64,apac
2025-01-17,WIDGET-1,3,151.94,west
2025-02-18,WIDGET-PRO,8,595.68,east
2025-03-19,CABLE-USB,4,45.91,north
2025-04-20,DOCK-HDMI,4,62.96,south
2025-05-21,KEYCAP-SET,13,1097.21,eu
2025-06-22,INVOICE-PAD,6,418.02,apac
2025-07-23,WIDGET-1,8,689.82,west
2025-08-24,WIDGET-PRO,3,119.03,east
2025-09-25,CABLE-USB,9,181.36,north
2025-10-26,DOCK-HDMI,8,93.03,south
2025-11-27,KEYCAP-SET,4,223.19,eu
2025-12-28,INVOICE-PAD,13,412.95,apac
2025-01-01,WIDGET-1,5,290.44,west
2025-02-02,WIDGET-PRO,4,25.15,east
2025-03-03,CABLE-USB,1,63.27,north
2025-04-04,DOCK-HDMI,8,642.06,south
2025-05-05,KEYCAP-SET,8,105.57,eu
2025-06-06,INVOICE-PAD,6,136.73,apac
2025-07-07,WIDGET-1,7,131.95,west
2025-08-08,WIDGET-PRO,9,199.92,east
2025-09-09,CABLE-USB,1,15.09,north
2025-10-10,DOCK-HDMI,13,735.09,south
2025-11-11,KEYCAP-SET,4,139.93,eu
2025-12-12,INVOICE-PAD,12,59.76,apac
2025-01-13,WIDGET-1,6,173.73,west
2025-02-14,WIDGET-PRO,10,396.28,east
2025-03-15,CABLE-USB,1,62.61,north
2025-04-16,DOCK-HDMI,4,229.83,south
2025-05-17,KEYCAP-SET,3,171.86,eu
2025-06-18,INVOICE-PAD,9,465.78,apac
2025-07-19,WIDGET-1,11,103.43,west
2025-08-20,WIDGET-PRO,3,83.41,east
2025-09-21,CABLE-USB,11,342.71,north
2025-10-22,DOCK-HDMI,13,1088.09,south
2025-11-23,KEYCAP-SET,13,631.85,eu
2025-12-24,INVOICE-PAD,6,257.22,apac
2025-01-25,WIDGET-1,5,184.92,west
2025-02-26,WIDGET-PRO,9,390.69,east
2025-03-27,CABLE-USB,5,199.48,north
2025-04-28,DOCK-HDMI,7,509.40,south
2025-05-01,KEYCAP-SET,7,603.42,eu
2025-06-02,INVOICE-PAD,11,306.53,apac
2025-07-03,WIDGET-1,5,106.30,west
2025-08-04,WIDGET-PRO,6,107.11,east
2025-09-05,CABLE-USB,9,113.41,north
2025-10-06,DOCK-HDMI,13,557.39,south
2025-11-07,KEYCAP-SET,12,903.41,eu
2025-12-08,INVOICE-PAD,7,423.19,apac
2025-01-09,WIDGET-1,11,690.48,west
2025-02-10,WIDGET-PRO,3,234.28,east
2025-03-11,CABLE-USB,6,353.71,north
2025-04-12,DOCK-HDMI,8,389.33,south
2025-05-13,KEYCAP-SET,7,380.79,eu
2025-06-14,INVOICE-PAD,10,625.52,apac
2025-07-15,WIDGET-1,12,816.67,west
2025-08-16,WIDGET-PRO,2,145.32,east
2025-09-17,CABLE-USB,12,163.67,north
2025-10-18,DOCK-HDMI,2,19.60,south
2025-11-19,KEYCAP-SET,6,378.54,eu
2025-12-20,INVOICE-PAD,11,625.79,apac
2025-01-21,WIDGET-1,9,176.36,west
2025-02-22,WIDGET-PRO,6,445.54,east
2025-03-23,CABLE-USB,6,381.62,north
2025-04-24,DOCK-HDMI,6,117.06,south
2025-05-25,KEYCAP-SET,13,686.11,eu
2025-06-26,INVOICE-PAD,10,136.39,apac
2025-07-27,WIDGET-1,9,282.78,west
2025-08-28,WIDGET-PRO,6,75.48,east
2025-09-01,CABLE-USB,10,92.87,north
2025-10-02,DOCK-HDMI,12,602.05,south
2025-11-03,KEYCAP-SET,7,172.98,eu
2025-12-04,INVOICE-PAD,8,571.82,apac
2025-01-05,WIDGET-1,2,76.94,west
2025-02-06,WIDGET-PRO,6,511.48,east
2025-03-07,CABLE-USB,13,193.51,north
2025-04-08,DOCK-HDMI,3,166.62,south
2025-05-09,KEYCAP-SET,4,225.55,eu
2025-06-10,INVOICE-PAD,6,89.64,apac
2025-07-11,WIDGET-1,9,492.63,west
2025-08-12,WIDGET-PRO,11,394.92,east
2025-09-13,CABLE-USB,5,305.52,north
2025-10-14,DOCK-HDMI,11,686.69,south
2025-11-15,KEYCAP-SET,3,12.03,eu
2025-12-16,INVOICE-PAD,2,37.90,apac
2025-01-17,WIDGET-1,8,531.20,west
2025-02-18,WIDGET-PRO,5,323.00,east
2025-03-19,CABLE-USB,12,43.02,north
2025-04-20,DOCK-HDMI,13,674.54,south
2025-05-21,KEYCAP-SET,5,50.94,eu
2025-06-22,INVOICE-PAD,6,89.34,apac
2025-07-23,WIDGET-1,9,556.49,west
2025-08-24,WIDGET-PRO,10,662.84,east
2025-09-25,CABLE-USB,6,465.75,north
2025-10-26,DOCK-HDMI,10,330.37,south
2025-11-27,KEYCAP-SET,6,239.32,eu
2025-12-28,INVOICE-PAD,8,269.34,apac
2025-01-01,WIDGET-1,13,817.09,west
2025-02-02,WIDGET-PRO,12,52.89,east
2025-03-03,CABLE-USB,4,247.23,north
2025-04-04,DOCK-HDMI,13,308.50,south
2025-05-05,KEYCAP-SET,13,821.08,eu
2025-06-06,INVOICE-PAD,3,54.71,apac
2025-07-07,WIDGET-1,10,361.29,west
2025-08-08,WIDGET-PRO,8,30.81,east
2025-09-09,CABLE-USB,2,160.11,north
2025-10-10,DOCK-HDMI,10,721.30,south
2025-11-11,KEYCAP-SET,7,552.20,eu
2025-12-12,INVOICE-PAD,12,305.76,apac
2025-01-13,WIDGET-1,13,76.70,west
2025-02-14,WIDGET-PRO,1,59.99,east
2025-03-15,CABLE-USB,5,111.95,north
2025-04-16,DOCK-HDMI,7,581.08,south
2025-05-17,KEYCAP-SET,9,328.80,eu
2025-06-18,INVOICE-PAD,12,708.39,apac
2025-07-19,WIDGET-1,6,55.77,west
2025-08-20,WIDGET-PRO,11,925.11,east
2025-09-21,CABLE-USB,9,315.76,north
2025-10-22,DOCK-HDMI,9,143.27,south
2025-11-23,KEYCAP-SET,7,423.84,eu
2025-12-24,INVOICE-PAD,7,243.09,apac
2025-01-25,WIDGET-1,6,24.36,west
2025-02-26,WIDGET-PRO,9,468.02,east
2025-03-27,CABLE-USB,3,239.08,north
2025-04-28,DOCK-HDMI,4,323.63,south
2025-05-01,KEYCAP-SET,5,380.79,eu
2025-06-02,INVOICE-PAD,6,50.89,apac
2025-07-03,WIDGET-1,12,488.13,west
2025-08-04,WIDGET-PRO,8,679.48,east
2025-09-05,CABLE-USB,9,116.54,north
2025-10-06,DOCK-HDMI,7,585.06,south
2025-11-07,KEYCAP-SET,7,157.31,eu
2025-12-08,INVOICE-PAD,13,845.59,apac
2025-01-09,WIDGET-1,1,19.05,west
2025-02-10,WIDGET-PRO,1,21.95,east
2025-03-11,CABLE-USB,4,299.88,north
2025-04-12,DOCK-HDMI,10,230.68,south
2025-05-13,KEYCAP-SET,2,8.37,eu
2025-06-14,INVOICE-PAD,13,91.78,apac
2025-07-15,WIDGET-1,12,769.12,west
2025-08-16,WIDGET-PRO,9,297.86,east
2025-09-17,CABLE-USB,5,180.64,north
2025-10-18,DOCK-HDMI,1,32.84,south
2025-11-19,KEYCAP-SET,10,716.67,eu
2025-12-20,INVOICE-PAD,5,28.41,apac
2025-01-21,WIDGET-1,10,804.74,west
2025-02-22,WIDGET-PRO,4,291.97,east
2025-03-23,CABLE-USB,10,669.54,north
2025-04-24,DOCK-HDMI,3,260.49,south
2025-05-25,KEYCAP-SET,7,146.51,eu
2025-06-26,INVOICE-PAD,12,738.07,apac
2025-07-27,WIDGET-1,13,713.21,west
2025-08-28,WIDGET-PRO,13,1141.86,east
2025-09-01,CABLE-USB,13,603.35,north
2025-10-02,DOCK-HDMI,8,327.68,south
2025-11-03,KEYCAP-SET,6,434.70,eu
2025-12-04,INVOICE-PAD,11,689.45,apac
2025-01-05,WIDGET-1,9,471.25,west
2025-02-06,WIDGET-PRO,10,368.10,east
2025-03-07,CABLE-USB,3,154.08,north
2025-04-08,DOCK-HDMI,5,57.01,south
2025-05-09,KEYCAP-SET,3,49.11,eu
2025-06-10,INVOICE-PAD,9,120.72,apac
2025-07-11,WIDGET-1,7,425.87,west
2025-08-12,WIDGET-PRO,6,50.22,east
2025-09-13,CABLE-USB,1,77.87,north
2025-10-14,DOCK-HDMI,9,495.68,south
2025-11-15,KEYCAP-SET,8,137.25,eu
2025-12-16,INVOICE-PAD,13,211.69,apac
2025-01-17,WIDGET-1,4,225.29,west
2025-02-18,WIDGET-PRO,5,435.36,east
2025-03-19,CABLE-USB,1,43.57,north
2025-04-20,DOCK-HDMI,4,326.21,south
2025-05-21,KEYCAP-SET,10,266.23,eu
2025-06-22,INVOICE-PAD,5,204.69,apac
2025-07-23,WIDGET-1,10,466.96,west
2025-08-24,WIDGET-PRO,9,100.08,east
2025-09-25,CABLE-USB,10,54.19,north
2025-10-26,DOCK-HDMI,9,51.52,south
2025-11-27,KEYCAP-SET,6,508.46,eu
2025-12-28,INVOICE-PAD,4,223.29,apac
2025-01-01,WIDGET-1,3,103.48,west
2025-02-02,WIDGET-PRO,6,112.54,east
2025-03-03,CABLE-USB,8,417.62,north
2025-04-04,DOCK-HDMI,13,581.06,south
2025-05-05,KEYCAP-SET,10,869.03,eu
2025-06-06,INVOICE-PAD,4,33.82,apac
2025-07-07,WIDGET-1,6,450.43,west
2025-08-08,WIDGET-PRO,12,858.81,east
2025-09-09,CABLE-USB,2,167.86,north
2025-10-10,DOCK-HDMI,13,833.91,south
2025-11-11,KEYCAP-SET,1,87.25,eu
2025-12-12,INVOICE-PAD,4,192.42,apac
2025-01-13,WIDGET-1,9,645.87,west
2025-02-14,WIDGET-PRO,6,532.50,east
2025-03-15,CABLE-USB,4,328.87,north
2025-04-16,DOCK-HDMI,6,55.54,south
2025-05-17,KEYCAP-SET,9,614.02,eu
2025-06-18,INVOICE-PAD,3,264.18,apac
2025-07-19,WIDGET-1,10,579.53,west
2025-08-20,WIDGET-PRO,13,135.16,east
2025-09-21,CABLE-USB,9,617.28,north
2025-10-22,DOCK-HDMI,11,373.19,south
2025-11-23,KEYCAP-SET,3,186.06,eu
2025-12-24,INVOICE-PAD,11,136.50,apac
2025-01-25,WIDGET-1,4,159.77,west
2025-02-26,WIDGET-PRO,9,264.36,east
2025-03-27,CABLE-USB,8,214.35,north
2025-04-28,DOCK-HDMI,8,514.04,south
2025-05-01,KEYCAP-SET,12,513.27,eu
2025-06-02,INVOICE-PAD,5,139.75,apac
2025-07-03,WIDGET-1,9,799.52,west
2025-08-04,WIDGET-PRO,2,106.19,east
2025-09-05,CABLE-USB,10,854.25,north
2025-10-06,DOCK-HDMI,12,729.27,south
2025-11-07,KEYCAP-SET,9,420.44,eu
2025-12-08,INVOICE-PAD,8,358.95,apac
2025-01-09,WIDGET-1,9,795.80,west
2025-02-10,WIDGET-PRO,13,665.31,east
2025-03-11,CABLE-USB,3,91.42,north
2025-04-12,DOCK-HDMI,11,250.75,south
2025-05-13,KEYCAP-SET,5,180.70,eu
2025-06-14,INVOICE-PAD,3,63.89,apac
2025-07-15,WIDGET-1,3,96.64,west
2025-08-16,WIDGET-PRO,8,534.30,east
2025-09-17,CABLE-USB,13,140.52,north
2025-10-18,DOCK-HDMI,9,771.36,south
2025-11-19,KEYCAP-SET,7,283.35,eu
2025-12-20,INVOICE-PAD,1,60.39,apac
2025-01-21,WIDGET-1,7,371.54,west
2025-02-22,WIDGET-PRO,10,261.68,east
2025-03-23,CABLE-USB,5,374.87,north
2025-04-24,DOCK-HDMI,11,578.41,south
2025-05-25,KEYCAP-SET,9,37.18,eu
2025-06-26,INVOICE-PAD,13,336.50,apac
2025-07-27,WIDGET-1,6,431.29,west
2025-08-28,WIDGET-PRO,2,48.74,east
2025-09-01,CABLE-USB,7,589.76,north
2025-10-02,DOCK-HDMI,8,239.89,south
2025-11-03,KEYCAP-SET,11,305.77,eu
2025-12-04,INVOICE-PAD,3,48.10,apac
2025-01-05,WIDGET-1,13,337.86,west
2025-02-06,WIDGET-PRO,5,402.95,east
2025-03-07,CABLE-USB,2,152.61,north
2025-04-08,DOCK-HDMI,10,824.00,south
2025-05-09,KEYCAP-SET,9,289.15,eu
2025-06-10,INVOICE-PAD,8,318.02,apac
2025-07-11,WIDGET-1,1,9.04,west
2025-08-12,WIDGET-PRO,4,334.91,east
2025-09-13,CABLE-USB,2,96.23,north
2025-10-14,DOCK-HDMI,1,54.27,south
2025-11-15,KEYCAP-SET,12,166.15,eu
2025-12-16,INVOICE-PAD,1,4.24,apac
2025-01-17,WIDGET-1,10,318.90,west
2025-02-18,WIDGET-PRO,5,194.94,east
2025-03-19,CABLE-USB,2,136.27,north
2025-04-20,DOCK-HDMI,13,982.62,south
2025-05-21,KEYCAP-SET,13,425.17,eu
2025-06-22,INVOICE-PAD,5,352.05,apac
2025-07-23,WIDGET-1,11,901.04,west
2025-08-24,WIDGET-PRO,8,365.95,east
2025-09-25,CABLE-USB,10,745.03,north
2025-10-26,DOCK-HDMI,12,465.13,south
2025-11-27,KEYCAP-SET,1,22.86,eu
2025-12-28,INVOICE-PAD,11,401.87,apac
2025-01-01,WIDGET-1,1,58.73,west
2025-02-02,WIDGET-PRO,1,79.91,east
2025-03-03,CABLE-USB,9,568.86,north
2025-04-04,DOCK-HDMI,3,163.70,south
2025-05-05,KEYCAP-SET,8,348.66,eu
2025-06-06,INVOICE-PAD,12,682.94,apac
2025-07-07,WIDGET-1,11,108.29,west
2025-08-08,WIDGET-PRO,11,799.98,east
2025-09-09,CABLE-USB,10,58.73,north
2025-10-10,DOCK-HDMI,2,100.71,south
2025-11-11,KEYCAP-SET,2,61.17,eu
2025-12-12,INVOICE-PAD,1,27.02,apac
2025-01-13,WIDGET-1,7,112.69,west
2025-02-14,WIDGET-PRO,10,677.23,east
2025-03-15,CABLE-USB,2,50.76,north
2025-04-16,DOCK-HDMI,4,202.70,south
2025-05-17,KEYCAP-SET,6,253.87,eu
2025-06-18,INVOICE-PAD,7,106.32,apac
2025-07-19,WIDGET-1,4,318.30,west
2025-08-20,WIDGET-PRO,8,87.26,east
2025-09-21,CABLE-USB,12,807.97,north
2025-10-22,DOCK-HDMI,3,213.39,south
2025-11-23,KEYCAP-SET,10,357.72,eu
2025-12-24,INVOICE-PAD,2,157.89,apac
2025-01-25,WIDGET-1,12,291.14,west
2025-02-26,WIDGET-PRO,7,303.29,east
2025-03-27,CABLE-USB,7,167.49,north
2025-04-28,DOCK-HDMI,6,91.61,south
2025-05-01,KEYCAP-SET,7,418.04,eu
2025-06-02,INVOICE-PAD,11,598.43,apac
2025-07-03,WIDGET-1,8,336.21,west
2025-08-04,WIDGET-PRO,5,382.18,east
2025-09-05,CABLE-USB,10,433.41,north
2025-10-06,DOCK-HDMI,6,312.56,south
2025-11-07,KEYCAP-SET,7,487.32,eu
2025-12-08,INVOICE-PAD,2,165.24,apac
2025-01-09,WIDGET-1,1,30.72,west
2025-02-10,WIDGET-PRO,10,445.87,east
2025-03-11,CABLE-USB,11,826.13,north
2025-04-12,DOCK-HDMI,13,863.42,south
2025-05-13,KEYCAP-SET,3,88.88,eu
2025-06-14,INVOICE-PAD,10,701.83,apac
2025-07-15,WIDGET-1,4,112.52,west
2025-08-16,WIDGET-PRO,11,382.63,east
2025-09-17,CABLE-USB,1,61.24,north
2025-10-18,DOCK-HDMI,6,218.85,south
2025-11-19,KEYCAP-SET,12,753.23,eu
2025-12-20,INVOICE-PAD,11,241.24,apac
2025-01-21,WIDGET-1,13,327.32,west
2025-02-22,WIDGET-PRO,3,73.24,east
2025-03-23,CABLE-USB,7,533.51,north
2025-04-24,DOCK-HDMI,8,379.09,south
2025-05-25,KEYCAP-SET,3,105.27,eu
2025-06-26,INVOICE-PAD,4,133.71,apac
2025-07-27,WIDGET-1,12,149.92,west
2025-08-28,WIDGET-PRO,12,1048.23,east
2025-09-01,CABLE-USB,4,178.72,north
2025-10-02,DOCK-HDMI,4,213.31,south
2025-11-03,KEYCAP-SET,6,441.16,eu
2025-12-04,INVOICE-PAD,2,66.68,apac
2025-01-05,WIDGET-1,7,187.44,west
2025-02-06,WIDGET-PRO,13,79.26,east
2025-03-07,CABLE-USB,7,417.91,north
2025-04-08,DOCK-HDMI,2,124.01,south
2025-05-09,KEYCAP-SET,12,484.97,eu
2025-06-10,INVOICE-PAD,3,103.32,apac
2025-07-11,WIDGET-1,3,190.25,west
2025-08-12,WIDGET-PRO,5,254.39,east
2025-09-13,CABLE-USB,7,357.39,north
2025-10-14,DOCK-HDMI,10,273.45,south
2025-11-15,KEYCAP-SET,4,80.34,eu
2025-12-16,INVOICE-PAD,12,910.32,apac
2025-01-17,WIDGET-1,10,106.54,west
2025-02-18,WIDGET-PRO,11,717.20,east
2025-03-19,CABLE-USB,13,1069.59,north
2025-04-20,DOCK-HDMI,10,401.60,south
2025-05-21,KEYCAP-SET,9,461.33,eu
2025-06-22,INVOICE-PAD,7,488.48,apac
2025-07-23,WIDGET-1,6,435.88,west
2025-08-24,WIDGET-PRO,10,770.31,east
2025-09-25,CABLE-USB,11,229.41,north
2025-10-26,DOCK-HDMI,5,391.40,south
2025-11-27,KEYCAP-SET,4,349.26,eu
2025-12-28,INVOICE-PAD,5,164.20,apac
2025-01-01,WIDGET-1,8,461.19,west
2025-02-02,WIDGET-PRO,4,32.62,east
2025-03-03,CABLE-USB,10,630.94,north
2025-04-04,DOCK-HDMI,13,69.46,south
2025-05-05,KEYCAP-SET,5,221.99,eu
2025-06-06,INVOICE-PAD,10,264.29,apac
2025-07-07,WIDGET-1,4,138.60,west
2025-08-08,WIDGET-PRO,8,317.34,east
2025-09-09,CABLE-USB,9,360.99,north
2025-10-10,DOCK-HDMI,10,635.74,south
2025-11-11,KEYCAP-SET,7,194.14,eu
2025-12-12,INVOICE-PAD,11,932.29,apac
2025-01-13,WIDGET-1,8,374.49,west
2025-02-14,WIDGET-PRO,4,257.14,east
2025-03-15,CABLE-USB,7,296.95,north
2025-04-16,DOCK-HDMI,6,156.35,south
2025-05-17,KEYCAP-SET,7,365.62,eu
2025-06-18,INVOICE-PAD,6,306.71,apac
2025-07-19,WIDGET-1,13,172.46,west
2025-08-20,WIDGET-PRO,2,35.28,east
2025-09-21,CABLE-USB,4,355.37,north
2025-10-22,DOCK-HDMI,10,285.28,south
2025-11-23,KEYCAP-SET,7,389.40,eu
2025-12-24,INVOICE-PAD,12,998.31,apac
2025-01-25,WIDGET-1,11,383.67,west
2025-02-26,WIDGET-PRO,7,256.79,east
2025-03-27,CABLE-USB,12,686.97,north
2025-04-28,DOCK-HDMI,6,527.65,south
2025-05-01,KEYCAP-SET,10,641.40,eu
2025-06-02,INVOICE-PAD,1,57.38,apac
2025-07-03,WIDGET-1,5,82.98,west
2025-08-04,WIDGET-PRO,9,317.79,east
2025-09-05,CABLE-USB,12,522.76,north
2025-10-06,DOCK-HDMI,4,22.79,south
2025-11-07,KEYCAP-SET,2,33.44,eu
2025-12-08,INVOICE-PAD,5,119.22,apac
2025-01-09,WIDGET-1,7,124.32,west
2025-02-10,WIDGET-PRO,4,201.45,east
2025-03-11,CABLE-USB,12,1049.47,north
2025-04-12,DOCK-HDMI,1,4.76,south
2025-05-13,KEYCAP-SET,12,377.80,eu
2025-06-14,INVOICE-PAD,5,127.36,apac
2025-07-15,WIDGET-1,1,12.30,west
2025-08-16,WIDGET-PRO,9,338.40,east
2025-09-17,CABLE-USB,4,155.22,north
2025-10-18,DOCK-HDMI,4,198.59,south
2025-11-19,KEYCAP-SET,9,431.47,eu
2025-12-20,INVOICE-PAD,7,181.35,apac
2025-01-21,WIDGET-1,5,47.53,west
2025-02-22,WIDGET-PRO,6,187.25,east
2025-03-23,CABLE-USB,12,392.94,north
2025-04-24,DOCK-HDMI,10,48.28,south
2025-05-25,KEYCAP-SET,9,93.29,eu
2025-06-26,INVOICE-PAD,10,256.72,apac
2025-07-27,WIDGET-1,9,311.75,west
2025-08-28,WIDGET-PRO,12,237.06,east
2025-09-01,CABLE-USB,10,70.45,north
2025-10-02,DOCK-HDMI,9,676.35,south
2025-11-03,KEYCAP-SET,3,235.98,eu
2025-12-04,INVOICE-PAD,7,430.11,apac
2025-01-05,WIDGET-1,13,1012.05,west
2025-02-06,WIDGET-PRO,3,114.06,east
2025-03-07,CABLE-USB,4,96.26,north
2025-04-08,DOCK-HDMI,7,405.08,south
2025-05-09,KEYCAP-SET,4,249.87,eu
2025-06-10,INVOICE-PAD,12,400.81,apac
2025-07-11,WIDGET-1,12,97.98,west
2025-08-12,WIDGET-PRO,8,519.32,east
2025-09-13,CABLE-USB,2,90.43,north
2025-10-14,DOCK-HDMI,2,91.61,south
2025-11-15,KEYCAP-SET,1,46.05,eu
2025-12-16,INVOICE-PAD,12,495.38,apac
2025-01-17,WIDGET-1,9,257.36,west
2025-02-18,WIDGET-PRO,2,21.04,east
2025-03-19,CABLE-USB,10,147.52,north
2025-04-20,DOCK-HDMI,4,66.97,south
2025-05-21,KEYCAP-SET,7,457.55,eu
2025-06-22,INVOICE-PAD,2,115.79,apac
2025-07-23,WIDGET-1,2,153.49,west
2025-08-24,WIDGET-PRO,8,318.77,east
2025-09-25,CABLE-USB,1,58.70,north
2025-10-26,DOCK-HDMI,1,65.01,south
2025-11-27,KEYCAP-SET,10,865.30,eu
2025-12-28,INVOICE-PAD,7,518.73,apac
2025-01-01,WIDGET-1,7,359.42,west
2025-02-02,WIDGET-PRO,6,63.43,east
2025-03-03,CABLE-USB,9,692.97,north
2025-04-04,DOCK-HDMI,11,638.71,south
2025-05-05,KEYCAP-SET,9,126.26,eu
2025-06-06,INVOICE-PAD,7,246.77,apac
2025-07-07,WIDGET-1,11,49.75,west
2025-08-08,WIDGET-PRO,10,506.54,east
2025-09-09,CABLE-USB,12,136.60,north
2025-10-10,DOCK-HDMI,6,48.18,south
2025-11-11,KEYCAP-SET,6,217.43,eu
2025-12-12,INVOICE-PAD,2,162.20,apac
2025-01-13,WIDGET-1,4,313.20,west
2025-02-14,WIDGET-PRO,13,399.05,east
2025-03-15,CABLE-USB,12,749.31,north
2025-04-16,DOCK-HDMI,4,39.01,south
2025-05-17,KEYCAP-SET,9,469.58,eu
2025-06-18,INVOICE-PAD,1,58.98,apac
2025-07-19,WIDGET-1,4,129.75,west
2025-08-20,WIDGET-PRO,9,598.28,east
2025-09-21,CABLE-USB,8,196.70,north
2025-10-22,DOCK-HDMI,9,364.26,south
2025-11-23,KEYCAP-SET,9,263.20,eu
2025-12-24,INVOICE-PAD,10,837.58,apac
2025-01-25,WIDGET-1,13,60.40,west
2025-02-26,WIDGET-PRO,7,181.55,east
2025-03-27,CABLE-USB,13,47.62,north
2025-04-28,DOCK-HDMI,9,292.14,south
2025-05-01,KEYCAP-SET,10,444.23,eu
2025-06-02,INVOICE-PAD,5,114.35,apac
2025-07-03,WIDGET-1,12,354.79,west
2025-08-04,WIDGET-PRO,10,245.76,east
2025-09-05,CABLE-USB,3,244.44,north
2025-10-06,DOCK-HDMI,9,719.41,south
2025-11-07,KEYCAP-SET,5,31.69,eu
2025-12-08,INVOICE-PAD,1,81.05,apac
2025-01-09,WIDGET-1,2,18.68,west
2025-02-10,WIDGET-PRO,9,385.11,east
2025-03-11,CABLE-USB,3,130.91,north
2025-04-12,DOCK-HDMI,6,68.08,south
2025-05-13,KEYCAP-SET,5,401.48,eu
2025-06-14,INVOICE-PAD,6,484.05,apac
2025-07-15,WIDGET-1,12,800.90,west
2025-08-16,WIDGET-PRO,3,47.07,east
2025-09-17,CABLE-USB,12,1059.92,north
2025-10-18,DOCK-HDMI,4,272.15,south
2025-11-19,KEYCAP-SET,2,15.17,eu
2025-12-20,INVOICE-PAD,8,283.79,apac
2025-01-21,WIDGET-1,7,192.00,west
2025-02-22,WIDGET-PRO,6,69.39,east
2025-03-23,CABLE-USB,13,556.98,north
2025-04-24,DOCK-HDMI,2,80.55,south
2025-05-25,KEYCAP-SET,9,696.15,eu
2025-06-26,INVOICE-PAD,2,148.25,apac
2025-07-27,WIDGET-1,12,133.78,west
2025-08-28,WIDGET-PRO,9,194.70,east
2025-09-01,CABLE-USB,6,323.58,north
2025-10-02,DOCK-HDMI,3,99.17,south
2025-11-03,KEYCAP-SET,4,110.81,eu
2025-12-04,INVOICE-PAD,7,617.08,apac
2025-01-05,WIDGET-1,8,254.30,west
2025-02-06,WIDGET-PRO,1,34.49,east
2025-03-07,CABLE-USB,13,540.84,north
2025-04-08,DOCK-HDMI,3,180.78,south
2025-05-09,KEYCAP-SET,9,775.20,eu
2025-06-10,INVOICE-PAD,8,257.86,apac
2025-07-11,WIDGET-1,5,418.74,west
2025-08-12,WIDGET-PRO,1,43.79,east
2025-09-13,CABLE-USB,7,536.76,north
2025-10-14,DOCK-HDMI,6,426.83,south
2025-11-15,KEYCAP-SET,2,42.25,eu
2025-12-16,INVOICE-PAD,7,427.75,apac
2025-01-17,WIDGET-1,7,514.07,west
2025-02-18,WIDGET-PRO,1,79.93,east
2025-03-19,CABLE-USB,7,607.89,north
2025-04-20,DOCK-HDMI,8,622.37,south
2025-05-21,KEYCAP-SET,7,272.01,eu
2025-06-22,INVOICE-PAD,6,61.45,apac
2025-07-23,WIDGET-1,1,44.97,west
2025-08-24,WIDGET-PRO,12,450.77,east
2025-09-25,CABLE-USB,2,23.47,north
2025-10-26,DOCK-HDMI,9,467.02,south
2025-11-27,KEYCAP-SET,10,777.98,eu
2025-12-28,INVOICE-PAD,12,506.74,apac
2025-01-01,WIDGET-1,11,267.54,west
2025-02-02,WIDGET-PRO,12,1033.50,east
2025-03-03,CABLE-USB,1,19.39,north
2025-04-04,DOCK-HDMI,8,242.92,south
2025-05-05,KEYCAP-SET,13,789.09,eu
2025-06-06,INVOICE-PAD,12,631.81,apac
2025-07-07,WIDGET-1,5,30.00,west
2025-08-08,WIDGET-PRO,12,296.82,east
2025-09-09,CABLE-USB,12,412.68,north
2025-10-10,DOCK-HDMI,5,191.43,south
2025-11-11,KEYCAP-SET,9,496.10,eu
2025-12-12,INVOICE-PAD,7,157.88,apac
2025-01-13,WIDGET-1,5,85.79,west
2025-02-14,WIDGET-PRO,6,369.43,east
2025-03-15,CABLE-USB,12,867.03,north
2025-04-16,DOCK-HDMI,9,94.02,south
2025-05-17,KEYCAP-SET,13,739.01,eu
2025-06-18,INVOICE-PAD,8,228.12,apac
2025-07-19,WIDGET-1,12,509.49,west
2025-08-20,WIDGET-PRO,8,570.73,east
2025-09-21,CABLE-USB,9,710.25,north
2025-10-22,DOCK-HDMI,13,110.11,south
2025-11-23,KEYCAP-SET,3,86.68,eu
2025-12-24,INVOICE-PAD,12,293.53,apac
2025-01-25,WIDGET-1,7,156.98,west
2025-02-26,WIDGET-PRO,2,44.70,east
2025-03-27,CABLE-USB,8,511.43,north
2025-04-28,DOCK-HDMI,11,125.78,south
2025-05-01,KEYCAP-SET,6,343.87,eu
2025-06-02,INVOICE-PAD,3,173.04,apac
2025-07-03,WIDGET-1,9,778.17,west
2025-08-04,WIDGET-PRO,7,320.56,east
2025-09-05,CABLE-USB,11,818.41,north
2025-10-06,DOCK-HDMI,2,40.61,south
2025-11-07,KEYCAP-SET,4,78.42,eu
2025-12-08,INVOICE-PAD,13,1024.73,apac
2025-01-09,WIDGET-1,10,567.23,west
2025-02-10,WIDGET-PRO,5,440.40,east
2025-03-11,CABLE-USB,6,393.73,north
2025-04-12,DOCK-HDMI,8,378.43,south
2025-05-13,KEYCAP-SET,12,287.23,eu
2025-06-14,INVOICE-PAD,13,476.57,apac
2025-07-15,WIDGET-1,6,464.91,west
2025-08-16,WIDGET-PRO,1,63.51,east
2025-09-17,CABLE-USB,11,105.61,north
2025-10-18,DOCK-HDMI,9,639.70,south
2025-11-19,KEYCAP-SET,6,427.66,eu
2025-12-20,INVOICE-PAD,9,472.48,apac
2025-01-21,WIDGET-1,2,169.84,west
2025-02-22,WIDGET-PRO,5,275.85,east
2025-03-23,CABLE-USB,6,513.14,north
2025-04-24,DOCK-HDMI,7,545.59,south
2025-05-25,KEYCAP-SET,7,596.10,eu
2025-06-26,INVOICE-PAD,2,110.05,apac
2025-07-27,WIDGET-1,7,60.05,west
2025-08-28,WIDGET-PRO,10,264.57,east
2025-09-01,CABLE-USB,3,256.16,north
2025-10-02,DOCK-HDMI,9,624.52,south
2025-11-03,KEYCAP-SET,11,570.87,eu
2025-12-04,INVOICE-PAD,4,26.61,apac
2025-01-05,WIDGET-1,10,823.02,west
2025-02-06,WIDGET-PRO,9,572.56,east
2025-03-07,CABLE-USB,4,23.34,north
2025-04-08,DOCK-HDMI,9,778.34,south
2025-05-09,KEYCAP-SET,7,62.69,eu
2025-06-10,INVOICE-PAD,8,512.80,apac
2025-07-11,WIDGET-1,6,255.51,west
2025-08-12,WIDGET-PRO,12,815.36,east
2025-09-13,CABLE-USB,11,726.80,north
2025-10-14,DOCK-HDMI,10,642.62,south
2025-11-15,KEYCAP-SET,8,274.95,eu
2025-12-16,INVOICE-PAD,11,656.43,apac
2025-01-17,WIDGET-1,4,350.30,west
2025-02-18,WIDGET-PRO,10,87.13,east
2025-03-19,CABLE-USB,5,182.22,north
2025-04-20,DOCK-HDMI,9,713.76,south
2025-05-21,KEYCAP-SET,4,91.31,eu
2025-06-22,INVOICE-PAD,13,646.62,apac
2025-07-23,WIDGET-1,5,132.91,west
2025-08-24,WIDGET-PRO,2,66.60,east
2025-09-25,CABLE-USB,8,459.36,north
2025-10-26,DOCK-HDMI,3,137.26,south
2025-11-27,KEYCAP-SET,5,216.51,eu
2025-12-28,INVOICE-PAD,11,627.32,apac
2025-01-01,WIDGET-1,8,582.35,west
2025-02-02,WIDGET-PRO,13,417.58,east
2025-03-03,CABLE-USB,5,244.35,north
2025-04-04,DOCK-HDMI,1,67.01,south
2025-05-05,KEYCAP-SET,11,859.16,eu
2025-06-06,INVOICE-PAD,9,572.59,apac
2025-07-07,WIDGET-1,3,24.96,west
2025-08-08,WIDGET-PRO,9,762.16,east
2025-09-09,CABLE-USB,6,188.45,north
2025-10-10,DOCK-HDMI,13,380.49,south
2025-11-11,KEYCAP-SET,6,159.93,eu
2025-12-12,INVOICE-PAD,11,756.44,apac
2025-01-13,WIDGET-1,4,26.50,west
2025-02-14,WIDGET-PRO,8,556.51,east
2025-03-15,CABLE-USB,8,384.16,north
2025-04-16,DOCK-HDMI,11,227.20,south
2025-05-17,KEYCAP-SET,3,132.23,eu
2025-06-18,INVOICE-PAD,9,404.97,apac
2025-07-19,WIDGET-1,11,568.91,west
2025-08-20,WIDGET-PRO,6,164.29,east
2025-09-21,CABLE-USB,5,151.66,north
2025-10-22,DOCK-HDMI,11,527.45,south
2025-11-23,KEYCAP-SET,6,380.24,eu
2025-12-24,INVOICE-PAD,7,394.51,apac
2025-01-25,WIDGET-1,5,128.80,west
2025-02-26,WIDGET-PRO,5,55.87,east
2025-03-27,CABLE-USB,1,6.89,north
2025-04-28,DOCK-HDMI,3,186.40,south
2025-05-01,KEYCAP-SET,12,848.31,eu
2025-06-02,INVOICE-PAD,11,794.11,apac
2025-07-03,WIDGET-1,13,569.18,west
2025-08-04,WIDGET-PRO,10,790.90,east
2025-09-05,CABLE-USB,10,525.97,north
2025-10-06,DOCK-HDMI,13,884.63,south
2025-11-07,KEYCAP-SET,1,3.66,eu
2025-12-08,INVOICE-PAD,4,150.88,apac
2025-01-09,WIDGET-1,2,57.07,west
2025-02-10,WIDGET-PRO,11,373.02,east
2025-03-11,CABLE-USB,5,75.11,north
2025-04-12,DOCK-HDMI,5,170.92,south
2025-05-13,KEYCAP-SET,6,174.47,eu
2025-06-14,INVOICE-PAD,12,393.22,apac
2025-07-15,WIDGET-1,7,581.84,west
2025-08-16,WIDGET-PRO,1,49.75,east
2025-09-17,CABLE-USB,4,286.19,north
2025-10-18,DOCK-HDMI,6,263.43,south
2025-11-19,KEYCAP-SET,3,99.97,eu
2025-12-20,INVOICE-PAD,4,50.70,apac
2025-01-21,WIDGET-1,3,165.49,west
2025-02-22,WIDGET-PRO,7,102.72,east
2025-03-23,CABLE-USB,9,190.82,north
2025-04-24,DOCK-HDMI,5,437.34,south
2025-05-25,KEYCAP-SET,1,43.75,eu
2025-06-26,INVOICE-PAD,11,704.87,apac
2025-07-27,WIDGET-1,2,89.83,west
2025-08-28,WIDGET-PRO,3,14.49,east
2025-09-01,CABLE-USB,10,264.37,north
2025-10-02,DOCK-HDMI,9,57.86,south
2025-11-03,KEYCAP-SET,11,944.69,eu
2025-12-04,INVOICE-PAD,9,789.50,apac
2025-01-05,WIDGET-1,3,221.90,west
2025-02-06,WIDGET-PRO,7,421.63,east
2025-03-07,CABLE-USB,13,882.34,north
2025-04-08,DOCK-HDMI,4,193.91,south
2025-05-09,KEYCAP-SET,5,65.83,eu
2025-06-10,INVOICE-PAD,2,81.40,apac
2025-07-11,WIDGET-1,5,314.22,west
2025-08-12,WIDGET-PRO,13,426.93,east
2025-09-13,CABLE-USB,2,131.82,north
2025-10-14,DOCK-HDMI,2,141.04,south
2025-11-15,KEYCAP-SET,1,68.16,eu
2025-12-16,INVOICE-PAD,3,14.51,apac
2025-01-17,WIDGET-1,12,238.72,west
2025-02-18,WIDGET-PRO,1,43.28,east
2025-03-19,CABLE-USB,10,399.21,north
2025-04-20,DOCK-HDMI,9,566.83,south
2025-05-21,KEYCAP-SET,10,372.95,eu
2025-06-22,INVOICE-PAD,1,59.45,apac
2025-07-23,WIDGET-1,12,67.59,west
2025-08-24,WIDGET-PRO,6,364.14,east
2025-09-25,CABLE-USB,3,189.44,north
2025-10-26,DOCK-HDMI,7,346.94,south
2025-11-27,KEYCAP-SET,12,997.06,eu
2025-12-28,INVOICE-PAD,10,166.75,apac
2025-01-01,WIDGET-1,11,963.21,west
2025-02-02,WIDGET-PRO,8,407.14,east
2025-03-03,CABLE-USB,3,186.53,north
2025-04-04,DOCK-HDMI,4,219.26,south
2025-05-05,KEYCAP-SET,2,28.76,eu
2025-06-06,INVOICE-PAD,6,176.25,apac
2025-07-07,WIDGET-1,4,189.16,west
2025-08-08,WIDGET-PRO,9,731.15,east
2025-09-09,CABLE-USB,10,469.34,north
2025-10-10,DOCK-HDMI,5,190.21,south
2025-11-11,KEYCAP-SET,11,738.07,eu
2025-12-12,INVOICE-PAD,5,359.81,apac
2025-01-13,WIDGET-1,5,56.51,west
2025-02-14,WIDGET-PRO,9,505.95,east
2025-03-15,CABLE-USB,3,20.80,north
2025-04-16,DOCK-HDMI,3,230.17,south
2025-05-17,KEYCAP-SET,10,407.58,eu
2025-06-18,INVOICE-PAD,13,382.75,apac
2025-07-19,WIDGET-1,4,111.48,west
2025-08-20,WIDGET-PRO,11,79.10,east
2025-09-21,CABLE-USB,9,719.16,north
2025-10-22,DOCK-HDMI,2,116.89,south
2025-11-23,KEYCAP-SET,13,518.10,eu
2025-12-24,INVOICE-PAD,2,144.94,apac
2025-01-25,WIDGET-1,11,342.06,west
2025-02-26,WIDGET-PRO,12,743.58,east
2025-03-27,CABLE-USB,9,35.80,north
2025-04-28,DOCK-HDMI,4,127.02,south
2025-05-01,KEYCAP-SET,10,376.47,eu
2025-06-02,INVOICE-PAD,10,128.27,apac
2025-07-03,WIDGET-1,3,140.03,west
2025-08-04,WIDGET-PRO,9,281.16,east
2025-09-05,CABLE-USB,9,333.10,north
2025-10-06,DOCK-HDMI,8,568.63,south
2025-11-07,KEYCAP-SET,5,283.23,eu
2025-12-08,INVOICE-PAD,8,489.63,apac
2025-01-09,WIDGET-1,3,17.88,west
2025-02-10,WIDGET-PRO,3,235.83,east
2025-03-11,CABLE-USB,13,507.69,north
2025-04-12,DOCK-HDMI,6,306.43,south
2025-05-13,KEYCAP-SET,4,208.32,eu
2025-06-14,INVOICE-PAD,5,114.26,apac
2025-07-15,WIDGET-1,10,635.49,west
2025-08-16,WIDGET-PRO,5,146.41,east
2025-09-17,CABLE-USB,9,155.92,north
2025-10-18,DOCK-HDMI,8,350.03,south
2025-11-19,KEYCAP-SET,4,81.88,eu
2025-12-20,INVOICE-PAD,3,16.56,apac
2025-01-21,WIDGET-1,8,219.29,west
2025-02-22,WIDGET-PRO,1,21.24,east
2025-03-23,CABLE-USB,8,97.10,north
2025-04-24,DOCK-HDMI,9,80.84,south
2025-05-25,KEYCAP-SET,3,14.30,eu
2025-06-26,INVOICE-PAD,12,1034.34,apac
2025-07-27,WIDGET-1,4,316.75,west
2025-08-28,WIDGET-PRO,1,4.08,east
2025-09-01,CABLE-USB,2,8.69,north
2025-10-02,DOCK-HDMI,13,106.24,south
2025-11-03,KEYCAP-SET,4,132.64,eu
2025-12-04,INVOICE-PAD,1,41.96,apac
2025-01-05,WIDGET-1,3,89.54,west
2025-02-06,WIDGET-PRO,4,343.78,east
2025-03-07,CABLE-USB,7,615.51,north
2025-04-08,DOCK-HDMI,13,56.48,south
2025-05-09,KEYCAP-SET,13,320.99,eu
2025-06-10,INVOICE-PAD,6,99.66,apac
2025-07-11,WIDGET-1,11,366.95,west
2025-08-12,WIDGET-PRO,1,48.44,east
2025-09-13,CABLE-USB,10,802.40,north
2025-10-14,DOCK-HDMI,7,575.66,south
2025-11-15,KEYCAP-SET,12,792.65,eu
2025-12-16,INVOICE-PAD,8,178.09,apac
2025-01-17,WIDGET-1,8,383.92,west
2025-02-18,WIDGET-PRO,7,509.47,east
2025-03-19,CABLE-USB,11,639.65,north
2025-04-20,DOCK-HDMI,8,107.01,south
2025-05-21,KEYCAP-SET,13,59.02,eu
2025-06-22,INVOICE-PAD,12,698.12,apac
2025-07-23,WIDGET-1,6,514.06,west
2025-08-24,WIDGET-PRO,6,243.50,east
2025-09-25,CABLE-USB,11,872.66,north
2025-10-26,DOCK-HDMI,1,87.40,south
2025-11-27,KEYCAP-SET,8,314.41,eu
2025-12-28,INVOICE-PAD,7,286.61,apac
2025-01-01,WIDGET-1,6,234.90,west
2025-02-02,WIDGET-PRO,8,679.59,east
2025-03-03,CABLE-USB,10,73.78,north
2025-04-04,DOCK-HDMI,7,480.16,south
2025-05-05,KEYCAP-SET,1,53.22,eu
2025-06-06,INVOICE-PAD,6,411.00,apac
2025-07-07,WIDGET-1,7,113.15,west
2025-08-08,WIDGET-PRO,6,111.81,east
2025-09-09,CABLE-USB,5,266.89,north
2025-10-10,DOCK-HDMI,1,29.31,south
2025-11-11,KEYCAP-SET,8,626.62,eu
2025-12-12,INVOICE-PAD,9,604.85,apac
2025-01-13,WIDGET-1,5,341.76,west
2025-02-14,WIDGET-PRO,6,383.41,east
2025-03-15,CABLE-USB,3,255.85,north
2025-04-16,DOCK-HDMI,5,339.51,south
2025-05-17,KEYCAP-SET,3,166.64,eu
2025-06-18,INVOICE-PAD,5,20.56,apac
2025-07-19,WIDGET-1,3,63.81,west
2025-08-20,WIDGET-PRO,3,191.00,east
2025-09-21,CABLE-USB,7,345.96,north
2025-10-22,DOCK-HDMI,8,211.65,south
2025-11-23,KEYCAP-SET,10,371.08,eu
2025-12-24,INVOICE-PAD,1,51.37,apac
2025-01-25,WIDGET-1,6,284.62,west
2025-02-26,WIDGET-PRO,6,470.50,east
2025-03-27,CABLE-USB,12,980.43,north
2025-04-28,DOCK-HDMI,4,250.30,south
2025-05-01,KEYCAP-SET,12,669.61,eu
2025-06-02,INVOICE-PAD,5,187.28,apac
2025-07-03,WIDGET-1,2,48.73,west
2025-08-04,WIDGET-PRO,7,107.36,east
2025-09-05,CABLE-USB,6,413.12,north
2025-10-06,DOCK-HDMI,5,391.59,south
2025-11-07,KEYCAP-SET,1,5.09,eu
2025-12-08,INVOICE-PAD,12,374.13,apac
2025-01-09,WIDGET-1,11,281.96,west
2025-02-10,WIDGET-PRO,11,196.03,east
2025-03-11,CABLE-USB,12,1046.98,north
2025-04-12,DOCK-HDMI,6,371.34,south
2025-05-13,KEYCAP-SET,13,791.46,eu
2025-06-14,INVOICE-PAD,9,725.94,apac
2025-07-15,WIDGET-1,7,618.31,west
2025-08-16,WIDGET-PRO,10,464.89,east
2025-09-17,CABLE-USB,11,599.37,north
2025-10-18,DOCK-HDMI,5,189.61,south
2025-11-19,KEYCAP-SET,13,354.04,eu
2025-12-20,INVOICE-PAD,2,109.26,apac
2025-01-21,WIDGET-1,5,363.02,west
2025-02-22,WIDGET-PRO,3,151.90,east
2025-03-23,CABLE-USB,2,116.73,north
2025-04-24,DOCK-HDMI,3,215.63,south
2025-05-25,KEYCAP-SET,8,630.33,eu
2025-06-26,INVOICE-PAD,1,4.43,apac
2025-07-27,WIDGET-1,7,231.68,west
2025-08-28,WIDGET-PRO,4,62.64,east
2025-09-01,CABLE-USB,7,135.60,north
2025-10-02,DOCK-HDMI,5,291.68,south
2025-11-03,KEYCAP-SET,8,198.62,eu
2025-12-04,INVOICE-PAD,11,359.58,apac
2025-01-05,WIDGET-1,13,441.34,west
2025-02-06,WIDGET-PRO,10,342.69,east
2025-03-07,CABLE-USB,6,394.22,north
2025-04-08,DOCK-HDMI,6,353.80,south
2025-05-09,KEYCAP-SET,10,373.68,eu
2025-06-10,INVOICE-PAD,4,147.36,apac
2025-07-11,WIDGET-1,3,79.50,west
2025-08-12,WIDGET-PRO,4,210.20,east
2025-09-13,CABLE-USB,5,27.28,north
2025-10-14,DOCK-HDMI,5,182.20,south
2025-11-15,KEYCAP-SET,3,157.68,eu
2025-12-16,INVOICE-PAD,1,84.79,apac
2025-01-17,WIDGET-1,2,13.59,west
2025-02-18,WIDGET-PRO,9,641.38,east
2025-03-19,CABLE-USB,10,519.52,north
2025-04-20,DOCK-HDMI,11,562.03,south
2025-05-21,KEYCAP-SET,11,84.04,eu
2025-06-22,INVOICE-PAD,10,124.88,apac
2025-07-23,WIDGET-1,13,631.36,west
2025-08-24,WIDGET-PRO,7,130.63,east
2025-09-25,CABLE-USB,2,144.19,north
2025-10-26,DOCK-HDMI,9,770.38,south
2025-11-27,KEYCAP-SET,11,436.38,eu
2025-12-28,INVOICE-PAD,7,368.72,apac
2025-01-01,WIDGET-1,9,415.57,west
2025-02-02,WIDGET-PRO,13,292.87,east
2025-03-03,CABLE-USB,12,996.33,north
2025-04-04,DOCK-HDMI,8,523.27,south
2025-05-05,KEYCAP-SET,4,178.94,eu
2025-06-06,INVOICE-PAD,13,147.24,apac
2025-07-07,WIDGET-1,7,450.23,west
2025-08-08,WIDGET-PRO,6,480.01,east
2025-09-09,CABLE-USB,4,110.39,north
2025-10-10,DOCK-HDMI,11,510.88,south
2025-11-11,KEYCAP-SET,11,895.71,eu
2025-12-12,INVOICE-PAD,5,156.32,apac
2025-01-13,WIDGET-1,12,125.64,west
2025-02-14,WIDGET-PRO,11,850.48,east
2025-03-15,CABLE-USB,11,395.46,north
2025-04-16,DOCK-HDMI,10,508.83,south
2025-05-17,KEYCAP-SET,6,142.53,eu
2025-06-18,INVOICE-PAD,8,622.61,apac
2025-07-19,WIDGET-1,7,81.52,west
2025-08-20,WIDGET-PRO,13,367.58,east
2025-09-21,CABLE-USB,5,299.72,north
2025-10-22,DOCK-HDMI,5,38.33,south
2025-11-23,KEYCAP-SET,12,119.80,eu
2025-12-24,INVOICE-PAD,12,480.78,apac
2025-01-25,WIDGET-1,11,920.63,west
2025-02-26,WIDGET-PRO,13,326.75,east
2025-03-27,CABLE-USB,2,76.31,north
2025-04-28,DOCK-HDMI,1,80.63,south
2025-05-01,KEYCAP-SET,13,216.23,eu
2025-06-02,INVOICE-PAD,8,683.64,apac
2025-07-03,WIDGET-1,8,553.49,west
2025-08-04,WIDGET-PRO,10,356.62,east
2025-09-05,CABLE-USB,9,573.66,north
2025-10-06,DOCK-HDMI,1,42.60,south
2025-11-07,KEYCAP-SET,6,376.32,eu
2025-12-08,INVOICE-PAD,11,454.11,apac
2025-01-09,WIDGET-1,3,199.08,west
2025-02-10,WIDGET-PRO,3,29.08,east
2025-03-11,CABLE-USB,2,141.77,north
2025-04-12,DOCK-HDMI,2,132.29,south
2025-05-13,KEYCAP-SET,11,217.19,eu
2025-06-14,INVOICE-PAD,11,390.63,apac
2025-07-15,WIDGET-1,12,53.58,west
2025-08-16,WIDGET-PRO,10,443.38,east
2025-09-17,CABLE-USB,11,895.73,north
2025-10-18,DOCK-HDMI,2,171.36,south
2025-11-19,KEYCAP-SET,11,275.23,eu
2025-12-20,INVOICE-PAD,10,518.02,apac
2025-01-21,WIDGET-1,7,116.91,west
2025-02-22,WIDGET-PRO,6,97.81,east
2025-03-23,CABLE-USB,12,841.47,north
2025-04-24,DOCK-HDMI,1,22.39,south
2025-05-25,KEYCAP-SET,12,430.51,eu
2025-06-26,INVOICE-PAD,7,234.54,apac
2025-07-27,WIDGET-1,5,32.59,west
2025-08-28,WIDGET-PRO,2,104.18,east
2025-09-01,CABLE-USB,8,199.47,north
2025-10-02,DOCK-HDMI,13,191.32,south
2025-11-03,KEYCAP-SET,6,69.66,eu
2025-12-04,INVOICE-PAD,5,325.19,apac
2025-01-05,WIDGET-1,7,602.24,west
2025-02-06,WIDGET-PRO,11,52.32,east
2025-03-07,CABLE-USB,12,995.27,north
2025-04-08,DOCK-HDMI,11,120.10,south
2025-05-09,KEYCAP-SET,7,44.42,eu
2025-06-10,INVOICE-PAD,8,367.23,apac
2025-07-11,WIDGET-1,12,139.86,west
2025-08-12,WIDGET-PRO,2,112.43,east
2025-09-13,CABLE-USB,5,136.85,north
2025-10-14,DOCK-HDMI,5,343.20,south
2025-11-15,KEYCAP-SET,12,893.87,eu
2025-12-16,INVOICE-PAD,11,508.31,apac
2025-01-17,WIDGET-1,7,415.52,west
2025-02-18,WIDGET-PRO,6,268.82,east
2025-03-19,CABLE-USB,7,295.77,north
2025-04-20,DOCK-HDMI,10,412.87,south
2025-05-21,KEYCAP-SET,9,784.84,eu
2025-06-22,INVOICE-PAD,10,557.75,apac
2025-07-23,WIDGET-1,8,166.12,west
2025-08-24,WIDGET-PRO,2,13.96,east
2025-09-25,CABLE-USB,13,90.11,north
2025-10-26,DOCK-HDMI,1,78.33,south
2025-11-27,KEYCAP-SET,8,697.44,eu
2025-12-28,INVOICE-PAD,13,107.80,apac
2025-01-01,WIDGET-1,10,510.50,west
2025-02-02,WIDGET-PRO,1,12.17,east
2025-03-03,CABLE-USB,6,176.49,north
2025-04-04,DOCK-HDMI,7,116.06,south
2025-05-05,KEYCAP-SET,12,912.21,eu
2025-06-06,INVOICE-PAD,9,537.00,apac
2025-07-07,WIDGET-1,12,833.26,west
2025-08-08,WIDGET-PRO,5,255.43,east
2025-09-09,CABLE-USB,6,159.86,north
2025-10-10,DOCK-HDMI,6,230.99,south
2025-11-11,KEYCAP-SET,2,118.86,eu
2025-12-12,INVOICE-PAD,3,12.33,apac
2025-01-13,WIDGET-1,12,501.69,west
2025-02-14,WIDGET-PRO,9,380.12,east
2025-03-15,CABLE-USB,6,43.33,north
2025-04-16,DOCK-HDMI,10,63.74,south
2025-05-17,KEYCAP-SET,4,306.34,eu
2025-06-18,INVOICE-PAD,5,411.23,apac
2025-07-19,WIDGET-1,8,255.74,west
2025-08-20,WIDGET-PRO,3,95.30,east
2025-09-21,CABLE-USB,10,697.58,north
2025-10-22,DOCK-HDMI,12,268.05,south
2025-11-23,KEYCAP-SET,10,130.95,eu
2025-12-24,INVOICE-PAD,5,181.71,apac
2025-01-25,WIDGET-1,12,599.92,west
2025-02-26,WIDGET-PRO,10,144.78,east
2025-03-27,CABLE-USB,10,53.89,north
2025-04-28,DOCK-HDMI,8,472.92,south
2025-05-01,KEYCAP-SET,4,178.97,eu
2025-06-02,INVOICE-PAD,10,421.28,apac
2025-07-03,WIDGET-1,7,334.21,west
2025-08-04,WIDGET-PRO,10,797.52,east
2025-09-05,CABLE-USB,11,437.06,north
2025-10-06,DOCK-HDMI,1,36.77,south
2025-11-07,KEYCAP-SET,7,26.18,eu
2025-12-08,INVOICE-PAD,5,335.64,apac
2025-01-09,WIDGET-1,5,46.37,west
2025-02-10,WIDGET-PRO,2,109.60,east
2025-03-11,CABLE-USB,4,203.54,north
2025-04-12,DOCK-HDMI,9,223.88,south
2025-05-13,KEYCAP-SET,5,73.11,eu
2025-06-14,INVOICE-PAD,8,569.81,apac
2025-07-15,WIDGET-1,4,221.85,west
2025-08-16,WIDGET-PRO,11,78.18,east
2025-09-17,CABLE-USB,2,152.31,north
2025-10-18,DOCK-HDMI,8,504.92,south
2025-11-19,KEYCAP-SET,7,376.03,eu
2025-12-20,INVOICE-PAD,3,166.87,apac
2025-01-21,WIDGET-1,7,456.73,west
2025-02-22,WIDGET-PRO,11,614.44,east
2025-03-23,CABLE-USB,6,482.22,north
2025-04-24,DOCK-HDMI,8,289.05,south
2025-05-25,KEYCAP-SET,7,517.04,eu
2025-06-26,INVOICE-PAD,3,61.28,apac
2025-07-27,WIDGET-1,11,751.07,west
2025-08-28,WIDGET-PRO,3,157.63,east
2025-09-01,CABLE-USB,8,266.78,north
2025-10-02,DOCK-HDMI,1,24.40,south
2025-11-03,KEYCAP-SET,13,730.30,eu
2025-12-04,INVOICE-PAD,9,545.67,apac
2025-01-05,WIDGET-1,3,39.13,west
2025-02-06,WIDGET-PRO,5,373.11,east
2025-03-07,CABLE-USB,6,338.75,north
2025-04-08,DOCK-HDMI,12,238.13,south
2025-05-09,KEYCAP-SET,13,270.03,eu
2025-06-10,INVOICE-PAD,3,156.20,apac
2025-07-11,WIDGET-1,6,188.29,west
2025-08-12,WIDGET-PRO,10,653.56,east
2025-09-13,CABLE-USB,4,157.26,north
2025-10-14,DOCK-HDMI,6,215.05,south
2025-11-15,KEYCAP-SET,10,241.66,eu
2025-12-16,INVOICE-PAD,10,469.79,apac
2025-01-17,WIDGET-1,5,175.45,west
2025-02-18,WIDGET-PRO,12,725.33,east
2025-03-19,CABLE-USB,9,455.70,north
2025-04-20,DOCK-HDMI,7,226.00,south
2025-05-21,KEYCAP-SET,6,44.27,eu
2025-06-22,INVOICE-PAD,12,511.46,apac
2025-07-23,WIDGET-1,2,143.17,west
2025-08-24,WIDGET-PRO,4,286.74,east
2025-09-25,CABLE-USB,8,509.22,north
2025-10-26,DOCK-HDMI,7,514.95,south
2025-11-27,KEYCAP-SET,4,251.33,eu
2025-12-28,INVOICE-PAD,7,418.73,apac
2025-01-01,WIDGET-1,2,45.50,west
2025-02-02,WIDGET-PRO,13,250.36,east
2025-03-03,CABLE-USB,5,187.94,north
2025-04-04,DOCK-HDMI,6,85.40,south
2025-05-05,KEYCAP-SET,9,472.33,eu
2025-06-06,INVOICE-PAD,7,426.67,apac
2025-07-07,WIDGET-1,1,72.37,west
2025-08-08,WIDGET-PRO,11,336.96,east
2025-09-09,CABLE-USB,9,503.36,north
2025-10-10,DOCK-HDMI,9,610.25,south
2025-11-11,KEYCAP-SET,7,485.79,eu
2025-12-12,INVOICE-PAD,3,124.87,apac
2025-01-13,WIDGET-1,13,105.80,west
2025-02-14,WIDGET-PRO,8,54.46,east
2025-03-15,CABLE-USB,1,11.06,north
2025-04-16,DOCK-HDMI,4,20.33,south
2025-05-17,KEYCAP-SET,1,44.72,eu
2025-06-18,INVOICE-PAD,5,260.57,apac
2025-07-19,WIDGET-1,6,337.46,west
2025-08-20,WIDGET-PRO,11,564.15,east
2025-09-21,CABLE-USB,13,1068.96,north
2025-10-22,DOCK-HDMI,12,851.64,south
2025-11-23,KEYCAP-SET,2,169.78,eu
2025-12-24,INVOICE-PAD,5,168.17,apac
2025-01-25,WIDGET-1,11,577.38,west
2025-02-26,WIDGET-PRO,10,333.42,east
2025-03-27,CABLE-USB,10,736.70,north
2025-04-28,DOCK-HDMI,3,227.57,south
2025-05-01,KEYCAP-SET,3,222.86,eu
2025-06-02,INVOICE-PAD,7,370.44,apac
2025-07-03,WIDGET-1,7,224.88,west
2025-08-04,WIDGET-PRO,5,43.81,east
2025-09-05,CABLE-USB,11,933.49,north
2025-10-06,DOCK-HDMI,5,352.54,south
2025-11-07,KEYCAP-SET,8,102.31,eu
2025-12-08,INVOICE-PAD,7,378.79,apac
2025-01-09,WIDGET-1,7,193.06,west
2025-02-10,WIDGET-PRO,5,394.59,east
2025-03-11,CABLE-USB,3,150.42,north
2025-04-12,DOCK-HDMI,3,153.28,south
2025-05-13,KEYCAP-SET,10,838.79,eu
2025-06-14,INVOICE-PAD,11,395.13,apac
2025-07-15,WIDGET-1,6,21.02,west
2025-08-16,WIDGET-PRO,1,53.46,east
2025-09-17,CABLE-USB,9,245.45,north
2025-10-18,DOCK-HDMI,6,293.36,south
2025-11-19,KEYCAP-SET,4,352.04,eu
2025-12-20,INVOICE-PAD,9,579.45,apac
2025-01-21,WIDGET-1,8,518.98,west
2025-02-22,WIDGET-PRO,8,83.73,east
2025-03-23,CABLE-USB,12,564.51,north
2025-04-24,DOCK-HDMI,5,260.49,south
2025-05-25,KEYCAP-SET,2,66.00,eu
2025-06-26,INVOICE-PAD,7,182.21,apac
2025-07-27,WIDGET-1,8,175.48,west
2025-08-28,WIDGET-PRO,4,134.93,east
2025-09-01,CABLE-USB,9,666.05,north
2025-10-02,DOCK-HDMI,3,147.96,south
2025-11-03,KEYCAP-SET,7,173.62,eu
2025-12-04,INVOICE-PAD,1,70.65,apac
2025-01-05,WIDGET-1,7,508.80,west
2025-02-06,WIDGET-PRO,13,344.58,east
2025-03-07,CABLE-USB,10,711.50,north
2025-04-08,DOCK-HDMI,3,207.89,south
2025-05-09,KEYCAP-SET,7,265.90,eu
2025-06-10,INVOICE-PAD,3,143.53,apac
2025-07-11,WIDGET-1,13,115.39,west
2025-08-12,WIDGET-PRO,10,61.44,east
2025-09-13,CABLE-USB,1,35.31,north
2025-10-14,DOCK-HDMI,4,17.25,south
2025-11-15,KEYCAP-SET,4,101.33,eu
2025-12-16,INVOICE-PAD,13,484.22,apac
2025-01-17,WIDGET-1,7,225.87,west
2025-02-18,WIDGET-PRO,13,736.41,east
2025-03-19,CABLE-USB,9,94.08,north
2025-04-20,DOCK-HDMI,3,173.14,south
2025-05-21,KEYCAP-SET,3,172.62,eu
2025-06-22,INVOICE-PAD,8,406.08,apac
2025-07-23,WIDGET-1,2,45.08,west
2025-08-24,WIDGET-PRO,4,145.32,east
2025-09-25,CABLE-USB,12,307.53,north
2025-10-26,DOCK-HDMI,9,664.76,south
2025-11-27,KEYCAP-SET,4,192.45,eu
2025-12-28,INVOICE-PAD,11,202.07,apac
2025-01-01,WIDGET-1,10,648.06,west
2025-02-02,WIDGET-PRO,13,978.09,east
2025-03-03,CABLE-USB,11,119.02,north
2025-04-04,DOCK-HDMI,2,99.66,south
2025-05-05,KEYCAP-SET,2,31.18,eu
2025-06-06,INVOICE-PAD,2,123.62,apac
2025-07-07,WIDGET-1,11,854.79,west
2025-08-08,WIDGET-PRO,9,385.69,east
2025-09-09,CABLE-USB,10,699.93,north
2025-10-10,DOCK-HDMI,4,185.11,south
2025-11-11,KEYCAP-SET,6,69.98,eu
2025-12-12,INVOICE-PAD,11,310.53,apac
2025-01-13,WIDGET-1,10,321.60,west
2025-02-14,WIDGET-PRO,7,616.27,east
2025-03-15,CABLE-USB,8,431.97,north
2025-04-16,DOCK-HDMI,5,267.60,south
2025-05-17,KEYCAP-SET,10,330.30,eu
2025-06-18,INVOICE-PAD,7,171.73,apac
2025-07-19,WIDGET-1,4,250.01,west
2025-08-20,WIDGET-PRO,9,766.93,east
2025-09-21,CABLE-USB,8,424.45,north
2025-10-22,DOCK-HDMI,10,498.56,south
2025-11-23,KEYCAP-SET,5,403.75,eu
2025-12-24,INVOICE-PAD,6,67.30,apac
2025-01-25,WIDGET-1,2,112.67,west
2025-02-26,WIDGET-PRO,4,99.31,east
2025-03-27,CABLE-USB,8,196.66,north
2025-04-28,DOCK-HDMI,11,968.24,south
2025-05-01,KEYCAP-SET,8,662.04,eu
2025-06-02,INVOICE-PAD,9,350.49,apac
2025-07-03,WIDGET-1,4,62.37,west
2025-08-04,WIDGET-PRO,4,195.95,east
2025-09-05,CABLE-USB,12,402.86,north
2025-10-06,DOCK-HDMI,11,321.07,south
2025-11-07,KEYCAP-SET,13,780.15,eu
2025-12-08,INVOICE-PAD,13,822.72,apac
2025-01-09,WIDGET-1,11,540.89,west
2025-02-10,WIDGET-PRO,4,28.20,east
2025-03-11,CABLE-USB,7,38.81,north
2025-04-12,DOCK-HDMI,1,76.89,south
2025-05-13,KEYCAP-SET,4,315.83,eu
2025-06-14,INVOICE-PAD,11,115.12,apac
2025-07-15,WIDGET-1,6,369.95,west
2025-08-16,WIDGET-PRO,8,693.85,east
2025-09-17,CABLE-USB,11,170.49,north
2025-10-18,DOCK-HDMI,12,352.42,south
2025-11-19,KEYCAP-SET,7,431.91,eu
2025-12-20,INVOICE-PAD,11,334.20,apac
2025-01-21,WIDGET-1,1,44.26,west
2025-02-22,WIDGET-PRO,11,760.86,east
2025-03-23,CABLE-USB,4,322.44,north
2025-04-24,DOCK-HDMI,6,330.91,south
2025-05-25,KEYCAP-SET,6,404.62,eu
2025-06-26,INVOICE-PAD,13,167.69,apac
2025-07-27,WIDGET-1,2,80.28,west
2025-08-28,WIDGET-PRO,3,43.26,east
2025-09-01,CABLE-USB,7,27.66,north
2025-10-02,DOCK-HDMI,11,470.02,south
2025-11-03,KEYCAP-SET,13,596.06,eu
2025-12-04,INVOICE-PAD,3,178.83,apac
2025-01-05,WIDGET-1,12,608.71,west
2025-02-06,WIDGET-PRO,8,470.52,east
2025-03-07,CABLE-USB,12,97.52,north
2025-04-08,DOCK-HDMI,8,567.65,south
2025-05-09,KEYCAP-SET,10,796.56,eu
2025-06-10,INVOICE-PAD,4,17.45,apac
2025-07-11,WIDGET-1,5,195.17,west
2025-08-12,WIDGET-PRO,7,488.73,east
2025-09-13,CABLE-USB,3,67.86,north
2025-10-14,DOCK-HDMI,4,263.94,south
2025-11-15,KEYCAP-SET,8,493.37,eu
2025-12-16,INVOICE-PAD,6,297.47,apac
2025-01-17,WIDGET-1,12,221.27,west
2025-02-18,WIDGET-PRO,12,777.98,east
2025-03-19,CABLE-USB,11,388.68,north
2025-04-20,DOCK-HDMI,4,120.03,south
2025-05-21,KEYCAP-SET,4,313.77,eu
2025-06-22,INVOICE-PAD,1,48.88,apac
2025-07-23,WIDGET-1,3,149.41,west
2025-08-24,WIDGET-PRO,4,314.84,east
2025-09-25,CABLE-USB,9,534.40,north
2025-10-26,DOCK-HDMI,11,56.91,south
2025-11-27,KEYCAP-SET,13,743.14,eu
2025-12-28,INVOICE-PAD,9,592.99,apac
2025-01-01,WIDGET-1,9,34.86,west
2025-02-02,WIDGET-PRO,5,405.35,east
2025-03-03,CABLE-USB,7,93.92,north
2025-04-04,DOCK-HDMI,6,128.61,south
2025-05-05,KEYCAP-SET,5,40.93,eu
2025-06-06,INVOICE-PAD,4,349.73,apac
2025-07-07,WIDGET-1,1,73.99,west
2025-08-08,WIDGET-PRO,3,67.65,east
2025-09-09,CABLE-USB,11,367.52,north
2025-10-10,DOCK-HDMI,6,41.79,south
2025-11-11,KEYCAP-SET,4,90.31,eu
2025-12-12,INVOICE-PAD,7,79.66,apac
2025-01-13,WIDGET-1,10,263.19,west
2025-02-14,WIDGET-PRO,6,271.28,east
2025-03-15,CABLE-USB,13,878.79,north
2025-04-16,DOCK-HDMI,9,661.75,south
2025-05-17,KEYCAP-SET,6,352.75,eu
2025-06-18,INVOICE-PAD,12,596.71,apac
2025-07-19,WIDGET-1,4,328.13,west
2025-08-20,WIDGET-PRO,13,1100.73,east
2025-09-21,CABLE-USB,6,287.61,north
2025-10-22,DOCK-HDMI,8,110.08,south
2025-11-23,KEYCAP-SET,12,96.83,eu
2025-12-24,INVOICE-PAD,4,231.59,apac
2025-01-25,WIDGET-1,8,328.82,west
2025-02-26,WIDGET-PRO,12,900.53,east
2025-03-27,CABLE-USB,5,426.17,north
2025-04-28,DOCK-HDMI,10,178.25,south
2025-05-01,KEYCAP-SET,3,52.37,eu
2025-06-02,INVOICE-PAD,10,686.12,apac
2025-07-03,WIDGET-1,10,350.28,west
2025-08-04,WIDGET-PRO,9,414.32,east
2025-09-05,CABLE-USB,7,92.10,north
2025-10-06,DOCK-HDMI,2,56.38,south
2025-11-07,KEYCAP-SET,7,144.58,eu
2025-12-08,INVOICE-PAD,11,435.22,apac
2025-01-09,WIDGET-1,3,185.37,west
2025-02-10,WIDGET-PRO,13,161.23,east
2025-03-11,CABLE-USB,7,279.81,north
2025-04-12,DOCK-HDMI,13,227.92,south
2025-05-13,KEYCAP-SET,10,583.59,eu
2025-06-14,INVOICE-PAD,12,104.21,apac
2025-07-15,WIDGET-1,10,663.66,west
2025-08-16,WIDGET-PRO,13,208.80,east
2025-09-17,CABLE-USB,11,694.49,north
2025-10-18,DOCK-HDMI,7,480.79,south
2025-11-19,KEYCAP-SET,9,672.30,eu
2025-12-20,INVOICE-PAD,4,271.01,apac
2025-01-21,WIDGET-1,4,204.63,west
2025-02-22,WIDGET-PRO,8,701.96,east
2025-03-23,CABLE-USB,5,309.18,north
2025-04-24,DOCK-HDMI,4,261.20,south
2025-05-25,KEYCAP-SET,1,19.26,eu
2025-06-26,INVOICE-PAD,12,121.60,apac
2025-07-27,WIDGET-1,3,119.10,west
2025-08-28,WIDGET-PRO,1,8.64,east
2025-09-01,CABLE-USB,9,355.67,north
2025-10-02,DOCK-HDMI,9,573.34,south
2025-11-03,KEYCAP-SET,12,777.89,eu
2025-12-04,INVOICE-PAD,13,360.66,apac
2025-01-05,WIDGET-1,10,799.99,west
2025-02-06,WIDGET-PRO,6,236.65,east
2025-03-07,CABLE-USB,1,52.00,north
2025-04-08,DOCK-HDMI,8,92.83,south
2025-05-09,KEYCAP-SET,3,186.21,eu
2025-06-10,INVOICE-PAD,11,477.88,apac
2025-07-11,WIDGET-1,5,184.25,west
2025-08-12,WIDGET-PRO,5,157.52,east
2025-09-13,CABLE-USB,9,567.88,north
2025-10-14,DOCK-HDMI,6,158.33,south
2025-11-15,KEYCAP-SET,6,310.57,eu
2025-12-16,INVOICE-PAD,5,358.57,apac
2025-01-17,WIDGET-1,4,350.03,west
2025-02-18,WIDGET-PRO,5,302.05,east
2025-03-19,CABLE-USB,7,552.95,north
2025-04-20,DOCK-HDMI,4,145.81,south
2025-05-21,KEYCAP-SET,2,136.86,eu
2025-06-22,INVOICE-PAD,5,255.43,apac
2025-07-23,WIDGET-1,4,125.77,west
2025-08-24,WIDGET-PRO,2,104.70,east
2025-09-25,CABLE-USB,5,23.03,north
2025-10-26,DOCK-HDMI,10,319.73,south
2025-11-27,KEYCAP-SET,5,125.91,eu
2025-12-28,INVOICE-PAD,9,565.79,apac
2025-01-01,WIDGET-1,2,163.67,west
2025-02-02,WIDGET-PRO,12,927.43,east
2025-03-03,CABLE-USB,8,395.72,north
2025-04-04,DOCK-HDMI,10,300.42,south
2025-05-05,KEYCAP-SET,3,206.01,eu
2025-06-06,INVOICE-PAD,7,408.32,apac
2025-07-07,WIDGET-1,3,172.01,west
2025-08-08,WIDGET-PRO,11,927.13,east
2025-09-09,CABLE-USB,1,47.65,north
2025-10-10,DOCK-HDMI,2,124.61,south
2025-11-11,KEYCAP-SET,9,190.62,eu
2025-12-12,INVOICE-PAD,5,319.53,apac
2025-01-13,WIDGET-1,11,186.39,west
2025-02-14,WIDGET-PRO,9,504.62,east
2025-03-15,CABLE-USB,10,454.05,north
2025-04-16,DOCK-HDMI,2,46.36,south
2025-05-17,KEYCAP-SET,7,139.11,eu
2025-06-18,INVOICE-PAD,3,22.39,apac
2025-07-19,WIDGET-1,13,327.92,west
2025-08-20,WIDGET-PRO,2,102.99,east
2025-09-21,CABLE-USB,12,440.43,north
2025-10-22,DOCK-HDMI,5,345.22,south
2025-11-23,KEYCAP-SET,8,540.03,eu
2025-12-24,INVOICE-PAD,9,372.13,apac
2025-01-25,WIDGET-1,12,810.14,west
2025-02-26,WIDGET-PRO,6,250.76,east
2025-03-27,CABLE-USB,12,683.36,north
2025-04-28,DOCK-HDMI,10,435.38,south
2025-05-01,KEYCAP-SET,5,361.23,eu
2025-06-02,INVOICE-PAD,9,685.21,apac
2025-07-03,WIDGET-1,6,372.34,west
2025-08-04,WIDGET-PRO,5,159.33,east
2025-09-05,CABLE-USB,1,8.76,north
2025-10-06,DOCK-HDMI,7,276.16,south
2025-11-07,KEYCAP-SET,8,254.46,eu
2025-12-08,INVOICE-PAD,7,198.18,apac
2025-01-09,WIDGET-1,9,232.77,west
2025-02-10,WIDGET-PRO,3,263.93,east
2025-03-11,CABLE-USB,11,344.86,north
2025-04-12,DOCK-HDMI,13,932.90,south
2025-05-13,KEYCAP-SET,3,203.39,eu
2025-06-14,INVOICE-PAD,5,390.33,apac
2025-07-15,WIDGET-1,5,181.19,west
2025-08-16,WIDGET-PRO,2,160.10,east
2025-09-17,CABLE-USB,6,222.32,north
2025-10-18,DOCK-HDMI,4,316.63,south
2025-11-19,KEYCAP-SET,3,107.36,eu
2025-12-20,INVOICE-PAD,5,380.22,apac
2025-01-21,WIDGET-1,10,283.15,west
2025-02-22,WIDGET-PRO,10,45.28,east
2025-03-23,CABLE-USB,12,772.59,north
2025-04-24,DOCK-HDMI,6,232.72,south
2025-05-25,KEYCAP-SET,10,516.37,eu
2025-06-26,INVOICE-PAD,9,701.35,apac
2025-07-27,WIDGET-1,10,183.46,west
2025-08-28,WIDGET-PRO,13,1140.32,east
2025-09-01,CABLE-USB,10,439.59,north
2025-10-02,DOCK-HDMI,8,478.24,south
2025-11-03,KEYCAP-SET,12,741.61,eu
2025-12-04,INVOICE-PAD,11,827.53,apac
2025-01-05,WIDGET-1,11,73.62,west
2025-02-06,WIDGET-PRO,3,76.44,east
2025-03-07,CABLE-USB,1,36.15,north
2025-04-08,DOCK-HDMI,11,86.58,south
2025-05-09,KEYCAP-SET,8,425.11,eu
2025-06-10,INVOICE-PAD,10,344.02,apac
2025-07-11,WIDGET-1,10,788.50,west
2025-08-12,WIDGET-PRO,3,130.03,east
2025-09-13,CABLE-USB,11,581.30,north
2025-10-14,DOCK-HDMI,5,321.35,south
2025-11-15,KEYCAP-SET,1,37.38,eu
2025-12-16,INVOICE-PAD,13,691.05,apac
2025-01-17,WIDGET-1,12,588.22,west
2025-02-18,WIDGET-PRO,9,275.41,east
2025-03-19,CABLE-USB,12,735.54,north
2025-04-20,DOCK-HDMI,8,599.12,south
2025-05-21,KEYCAP-SET,6,312.59,eu
2025-06-22,INVOICE-PAD,8,185.87,apac
2025-07-23,WIDGET-1,12,100.26,west
2025-08-24,WIDGET-PRO,3,132.30,east
2025-09-25,CABLE-USB,11,692.61,north
2025-10-26,DOCK-HDMI,2,144.64,south
2025-11-27,KEYCAP-SET,12,407.66,eu
2025-12-28,INVOICE-PAD,7,54.91,apac
2025-01-01,WIDGET-1,13,615.18,west
2025-02-02,WIDGET-PRO,10,480.43,east
2025-03-03,CABLE-USB,2,37.37,north
2025-04-04,DOCK-HDMI,4,143.48,south
2025-05-05,KEYCAP-SET,13,56.09,eu
2025-06-06,INVOICE-PAD,6,63.37,apac
2025-07-07,WIDGET-1,7,29.72,west
2025-08-08,WIDGET-PRO,13,786.12,east
2025-09-09,CABLE-USB,5,194.90,north
2025-10-10,DOCK-HDMI,3,40.80,south
2025-11-11,KEYCAP-SET,9,611.96,eu
2025-12-12,INVOICE-PAD,5,255.46,apac
2025-01-13,WIDGET-1,6,433.03,west
2025-02-14,WIDGET-PRO,11,378.65,east
2025-03-15,CABLE-USB,12,725.41,north
2025-04-16,DOCK-HDMI,1,79.10,south
2025-05-17,KEYCAP-SET,9,160.80,eu
2025-06-18,INVOICE-PAD,8,33.63,apac
2025-07-19,WIDGET-1,13,927.71,west
2025-08-20,WIDGET-PRO,13,378.32,east
2025-09-21,CABLE-USB,1,67.37,north
2025-10-22,DOCK-HDMI,3,240.37,south
2025-11-23,KEYCAP-SET,5,318.03,eu
2025-12-24,INVOICE-PAD,7,319.01,apac
2025-01-25,WIDGET-1,6,469.39,west
2025-02-26,WIDGET-PRO,8,207.25,east
2025-03-27,CABLE-USB,2,129.85,north
2025-04-28,DOCK-HDMI,9,612.51,south
2025-05-01,KEYCAP-SET,5,234.95,eu
2025-06-02,INVOICE-PAD,6,351.13,apac
2025-07-03,WIDGET-1,7,225.12,west
2025-08-04,WIDGET-PRO,2,95.13,east
2025-09-05,CABLE-USB,12,168.14,north
2025-10-06,DOCK-HDMI,8,340.93,south
2025-11-07,KEYCAP-SET,13,83.94,eu
2025-12-08,INVOICE-PAD,6,510.93,apac
2025-01-09,WIDGET-1,10,355.70,west
2025-02-10,WIDGET-PRO,1,19.13,east
2025-03-11,CABLE-USB,12,71.65,north
2025-04-12,DOCK-HDMI,3,184.97,south
2025-05-13,KEYCAP-SET,1,35.85,eu
2025-06-14,INVOICE-PAD,5,209.59,apac
2025-07-15,WIDGET-1,12,220.65,west
2025-08-16,WIDGET-PRO,11,811.34,east
2025-09-17,CABLE-USB,6,225.80,north
2025-10-18,DOCK-HDMI,5,147.48,south
2025-11-19,KEYCAP-SET,3,196.96,eu
2025-12-20,INVOICE-PAD,5,421.17,apac
2025-01-21,WIDGET-1,5,311.33,west
2025-02-22,WIDGET-PRO,6,113.91,east
2025-03-23,CABLE-USB,10,821.04,north
2025-04-24,DOCK-HDMI,6,145.97,south
2025-05-25,KEYCAP-SET,13,810.75,eu
2025-06-26,INVOICE-PAD,3,134.59,apac
2025-07-27,WIDGET-1,12,339.68,west
2025-08-28,WIDGET-PRO,12,521.59,east
2025-09-01,CABLE-USB,4,297.03,north
2025-10-02,DOCK-HDMI,12,283.63,south
2025-11-03,KEYCAP-SET,2,18.33,eu
2025-12-04,INVOICE-PAD,11,878.54,apac
2025-01-05,WIDGET-1,11,208.90,west
2025-02-06,WIDGET-PRO,6,482.22,east
2025-03-07,CABLE-USB,7,98.40,north
2025-04-08,DOCK-HDMI,7,193.67,south
2025-05-09,KEYCAP-SET,3,138.29,eu
2025-06-10,INVOICE-PAD,9,325.12,apac
2025-07-11,WIDGET-1,11,678.10,west
2025-08-12,WIDGET-PRO,5,339.41,east
2025-09-13,CABLE-USB,2,52.30,north
2025-10-14,DOCK-HDMI,10,572.17,south
2025-11-15,KEYCAP-SET,1,51.86,eu
2025-12-16,INVOICE-PAD,8,664.35,apac
2025-01-17,WIDGET-1,6,477.05,west
2025-02-18,WIDGET-PRO,3,59.77,east
2025-03-19,CABLE-USB,11,344.41,north
2025-04-20,DOCK-HDMI,6,64.89,south
2025-05-21,KEYCAP-SET,13,282.74,eu
2025-06-22,INVOICE-PAD,6,185.83,apac
2025-07-23,WIDGET-1,3,74.57,west
2025-08-24,WIDGET-PRO,11,392.27,east
2025-09-25,CABLE-USB,9,790.49,north
2025-10-26,DOCK-HDMI,5,79.54,south
2025-11-27,KEYCAP-SET,9,520.70,eu
2025-12-28,INVOICE-PAD,1,45.18,apac
2025-01-01,WIDGET-1,10,718.56,west
2025-02-02,WIDGET-PRO,13,185.21,east
2025-03-03,CABLE-USB,9,555.57,north
2025-04-04,DOCK-HDMI,6,245.97,south
2025-05-05,KEYCAP-SET,6,60.29,eu
2025-06-06,INVOICE-PAD,13,131.12,apac
2025-07-07,WIDGET-1,11,303.96,west
2025-08-08,WIDGET-PRO,4,212.04,east
2025-09-09,CABLE-USB,5,329.67,north
2025-10-10,DOCK-HDMI,6,68.83,south
2025-11-11,KEYCAP-SET,8,392.42,eu
2025-12-12,INVOICE-PAD,10,348.93,apac
2025-01-13,WIDGET-1,11,519.80,west
2025-02-14,WIDGET-PRO,2,21.60,east
2025-03-15,CABLE-USB,9,283.64,north
2025-04-16,DOCK-HDMI,6,316.39,south
2025-05-17,KEYCAP-SET,10,60.10,eu
2025-06-18,INVOICE-PAD,1,59.62,apac
2025-07-19,WIDGET-1,9,241.51,west
2025-08-20,WIDGET-PRO,10,243.72,east
2025-09-21,CABLE-USB,11,730.20,north
2025-10-22,DOCK-HDMI,10,274.50,south
2025-11-23,KEYCAP-SET,3,82.95,eu
2025-12-24,INVOICE-PAD,3,153.26,apac
2025-01-25,WIDGET-1,11,588.07,west
2025-02-26,WIDGET-PRO,13,186.42,east
2025-03-27,CABLE-USB,7,592.09,north
2025-04-28,DOCK-HDMI,11,454.78,south
2025-05-01,KEYCAP-SET,1,44.02,eu
2025-06-02,INVOICE-PAD,13,168.37,apac
2025-07-03,WIDGET-1,11,295.75,west
2025-08-04,WIDGET-PRO,10,551.20,east
2025-09-05,CABLE-USB,1,68.45,north
2025-10-06,DOCK-HDMI,6,496.73,south
2025-11-07,KEYCAP-SET,5,438.44,eu
2025-12-08,INVOICE-PAD,4,30.90,apac
2025-01-09,WIDGET-1,12,663.75,west
2025-02-10,WIDGET-PRO,12,60.52,east
2025-03-11,CABLE-USB,5,316.49,north
2025-04-12,DOCK-HDMI,10,210.84,south
2025-05-13,KEYCAP-SET,9,176.22,eu
2025-06-14,INVOICE-PAD,10,137.44,apac
2025-07-15,WIDGET-1,9,47.92,west
2025-08-16,WIDGET-PRO,4,67.93,east
2025-09-17,CABLE-USB,13,667.16,north
2025-10-18,DOCK-HDMI,3,180.60,south
2025-11-19,KEYCAP-SET,3,49.49,eu
2025-12-20,INVOICE-PAD,3,220.62,apac
2025-01-21,WIDGET-1,1,15.63,west
2025-02-22,WIDGET-PRO,6,137.19,east
2025-03-23,CABLE-USB,3,72.45,north
2025-04-24,DOCK-HDMI,10,523.12,south
2025-05-25,KEYCAP-SET,2,37.64,eu
2025-06-26,INVOICE-PAD,11,975.17,apac
2025-07-27,WIDGET-1,13,65.91,west
2025-08-28,WIDGET-PRO,11,406.88,east
2025-09-01,CABLE-USB,11,223.95,north
2025-10-02,DOCK-HDMI,3,61.16,south
2025-11-03,KEYCAP-SET,6,344.40,eu
2025-12-04,INVOICE-PAD,8,394.56,apac
2025-01-05,WIDGET-1,8,54.09,west
2025-02-06,WIDGET-PRO,6,301.16,east
2025-03-07,CABLE-USB,11,510.94,north
2025-04-08,DOCK-HDMI,9,176.24,south
2025-05-09,KEYCAP-SET,3,193.89,eu
2025-06-10,INVOICE-PAD,3,193.34,apac
2025-07-11,WIDGET-1,6,414.02,west
2025-08-12,WIDGET-PRO,7,487.52,east
2025-09-13,CABLE-USB,1,37.27,north
2025-10-14,DOCK-HDMI,7,462.26,south
2025-11-15,KEYCAP-SET,3,116.46,eu
2025-12-16,INVOICE-PAD,5,278.44,apac
2025-01-17,WIDGET-1,4,225.57,west
2025-02-18,WIDGET-PRO,5,308.76,east
2025-03-19,CABLE-USB,11,200.79,north
2025-04-20,DOCK-HDMI,4,355.55,south
2025-05-21,KEYCAP-SET,12,418.34,eu
2025-06-22,INVOICE-PAD,3,166.10,apac
2025-07-23,WIDGET-1,9,104.88,west
2025-08-24,WIDGET-PRO,12,159.01,east
2025-09-25,CABLE-USB,10,121.95,north
2025-10-26,DOCK-HDMI,9,78.17,south
2025-11-27,KEYCAP-SET,11,507.37,eu
2025-12-28,INVOICE-PAD,1,15.90,apac
2025-01-01,WIDGET-1,10,691.97,west
2025-02-02,WIDGET-PRO,7,43.41,east
2025-03-03,CABLE-USB,1,28.36,north
2025-04-04,DOCK-HDMI,8,475.75,south
2025-05-05,KEYCAP-SET,5,252.07,eu
2025-06-06,INVOICE-PAD,5,429.65,apac
2025-07-07,WIDGET-1,12,638.40,west
2025-08-08,WIDGET-PRO,12,597.73,east
2025-09-09,CABLE-USB,5,370.64,north
2025-10-10,DOCK-HDMI,5,106.04,south
2025-11-11,KEYCAP-SET,5,64.59,eu
2025-12-12,INVOICE-PAD,9,767.08,apac
2025-01-13,WIDGET-1,2,177.53,west
2025-02-14,WIDGET-PRO,13,284.38,east
2025-03-15,CABLE-USB,10,181.91,north
2025-04-16,DOCK-HDMI,13,694.27,south
2025-05-17,KEYCAP-SET,12,388.68,eu
2025-06-18,INVOICE-PAD,7,244.91,apac
2025-07-19,WIDGET-1,10,223.08,west
2025-08-20,WIDGET-PRO,8,69.09,east
2025-09-21,CABLE-USB,12,860.66,north
2025-10-22,DOCK-HDMI,8,332.57,south
2025-11-23,KEYCAP-SET,1,11.85,eu
2025-12-24,INVOICE-PAD,10,486.20,apac
2025-01-25,WIDGET-1,5,231.12,west
2025-02-26,WIDGET-PRO,2,168.65,east
2025-03-27,CABLE-USB,9,418.59,north
2025-04-28,DOCK-HDMI,13,327.38,south
2025-05-01,KEYCAP-SET,1,70.01,eu
2025-06-02,INVOICE-PAD,10,334.86,apac
2025-07-03,WIDGET-1,13,433.75,west
2025-08-04,WIDGET-PRO,1,56.09,east
2025-09-05,CABLE-USB,6,156.89,north
2025-10-06,DOCK-HDMI,10,702.78,south
2025-11-07,KEYCAP-SET,7,205.36,eu
2025-12-08,INVOICE-PAD,12,68.85,apac
2025-01-09,WIDGET-1,4,166.48,west
2025-02-10,WIDGET-PRO,12,554.46,east
2025-03-11,CABLE-USB,4,157.69,north
2025-04-12,DOCK-HDMI,8,283.63,south
2025-05-13,KEYCAP-SET,13,287.23,eu
2025-06-14,INVOICE-PAD,4,154.48,apac
2025-07-15,WIDGET-1,12,1063.96,west
2025-08-16,WIDGET-PRO,8,670.50,east
2025-09-17,CABLE-USB,4,263.43,north
2025-10-18,DOCK-HDMI,5,415.17,south
2025-11-19,KEYCAP-SET,7,250.89,eu
2025-12-20,INVOICE-PAD,1,68.50,apac
2025-01-21,WIDGET-1,10,180.18,west
2025-02-22,WIDGET-PRO,2,54.56,east
2025-03-23,CABLE-USB,11,802.99,north
2025-04-24,DOCK-HDMI,4,55.84,south
2025-05-25,KEYCAP-SET,8,513.31,eu
2025-06-26,INVOICE-PAD,9,379.91,apac
2025-07-27,WIDGET-1,11,103.77,west
2025-08-28,WIDGET-PRO,1,24.20,east
2025-09-01,CABLE-USB,10,563.80,north
2025-10-02,DOCK-HDMI,5,326.70,south
2025-11-03,KEYCAP-SET,6,415.01,eu
2025-12-04,INVOICE-PAD,11,621.02,apac
2025-01-05,WIDGET-1,2,114.00,west
2025-02-06,WIDGET-PRO,7,613.64,east
2025-03-07,CABLE-USB,2,81.91,north
2025-04-08,DOCK-HDMI,4,64.91,south
2025-05-09,KEYCAP-SET,8,321.93,eu
2025-06-10,INVOICE-PAD,12,801.10,apac
2025-07-11,WIDGET-1,11,506.76,west
2025-08-12,WIDGET-PRO,7,580.25,east
2025-09-13,CABLE-USB,10,90.52,north
2025-10-14,DOCK-HDMI,10,64.32,south
2025-11-15,KEYCAP-SET,1,76.14,eu
2025-12-16,INVOICE-PAD,1,55.84,apac
2025-01-17,WIDGET-1,10,776.66,west
2025-02-18,WIDGET-PRO,5,270.27,east
2025-03-19,CABLE-USB,9,575.41,north
2025-04-20,DOCK-HDMI,2,33.05,south
2025-05-21,KEYCAP-SET,9,713.62,eu
2025-06-22,INVOICE-PAD,6,285.23,apac
2025-07-23,WIDGET-1,4,44.92,west
2025-08-24,WIDGET-PRO,13,553.42,east
2025-09-25,CABLE-USB,8,478.42,north
2025-10-26,DOCK-HDMI,5,29.27,south
2025-11-27,KEYCAP-SET,5,84.45,eu
2025-12-28,INVOICE-PAD,2,12.38,apac
2025-01-01,WIDGET-1,6,322.79,west
2025-02-02,WIDGET-PRO,5,307.47,east
2025-03-03,CABLE-USB,9,176.74,north
2025-04-04,DOCK-HDMI,5,144.93,south
2025-05-05,KEYCAP-SET,4,163.94,eu
2025-06-06,INVOICE-PAD,5,92.65,apac
2025-07-07,WIDGET-1,11,921.38,west
2025-08-08,WIDGET-PRO,4,156.29,east
2025-09-09,CABLE-USB,11,662.32,north
2025-10-10,DOCK-HDMI,2,177.28,south
2025-11-11,KEYCAP-SET,4,341.95,eu
2025-12-12,INVOICE-PAD,7,579.08,apac
2025-01-13,WIDGET-1,9,63.18,west
2025-02-14,WIDGET-PRO,13,540.18,east
2025-03-15,CABLE-USB,8,244.78,north
2025-04-16,DOCK-HDMI,4,115.09,south
2025-05-17,KEYCAP-SET,5,242.21,eu
2025-06-18,INVOICE-PAD,11,583.21,apac
2025-07-19,WIDGET-1,1,34.48,west
2025-08-20,WIDGET-PRO,11,192.26,east
2025-09-21,CABLE-USB,5,96.35,north
2025-10-22,DOCK-HDMI,11,521.83,south
2025-11-23,KEYCAP-SET,2,97.09,eu
2025-12-24,INVOICE-PAD,3,152.96,apac
2025-01-25,WIDGET-1,11,377.25,west
2025-02-26,WIDGET-PRO,13,983.73,east
2025-03-27,CABLE-USB,1,31.71,north
2025-04-28,DOCK-HDMI,11,157.33,south
2025-05-01,KEYCAP-SET,6,276.96,eu
2025-06-02,INVOICE-PAD,7,595.14,apac
2025-07-03,WIDGET-1,6,160.47,west
2025-08-04,WIDGET-PRO,6,289.21,east
2025-09-05,CABLE-USB,3,107.25,north
2025-10-06,DOCK-HDMI,11,975.45,south
2025-11-07,KEYCAP-SET,5,128.69,eu
2025-12-08,INVOICE-PAD,5,97.62,apac
2025-01-09,WIDGET-1,7,566.55,west
2025-02-10,WIDGET-PRO,10,610.56,east
2025-03-11,CABLE-USB,2,41.77,north
2025-04-12,DOCK-HDMI,5,342.16,south
2025-05-13,KEYCAP-SET,5,293.24,eu
2025-06-14,INVOICE-PAD,7,304.33,apac
2025-07-15,WIDGET-1,5,79.09,west
2025-08-16,WIDGET-PRO,5,356.83,east
2025-09-17,CABLE-USB,3,251.11,north
2025-10-18,DOCK-HDMI,6,264.84,south
2025-11-19,KEYCAP-SET,2,57.38,eu
2025-12-20,INVOICE-PAD,1,69.81,apac
2025-01-21,WIDGET-1,2,116.76,west
2025-02-22,WIDGET-PRO,4,48.47,east
2025-03-23,CABLE-USB,1,43.03,north
2025-04-24,DOCK-HDMI,8,198.16,south
2025-05-25,KEYCAP-SET,7,94.52,eu
2025-06-26,INVOICE-PAD,12,425.83,apac
2025-07-27,WIDGET-1,11,555.49,west
2025-08-28,WIDGET-PRO,4,54.02,east
2025-09-01,CABLE-USB,10,249.80,north
2025-10-02,DOCK-HDMI,13,685.99,south
2025-11-03,KEYCAP-SET,12,411.38,eu
2025-12-04,INVOICE-PAD,7,499.73,apac
2025-01-05,WIDGET-1,13,588.51,west
2025-02-06,WIDGET-PRO,9,471.39,east
2025-03-07,CABLE-USB,5,438.66,north
2025-04-08,DOCK-HDMI,9,498.44,south
2025-05-09,KEYCAP-SET,1,5.20,eu
2025-06-10,INVOICE-PAD,1,44.08,apac
2025-07-11,WIDGET-1,1,59.04,west
2025-08-12,WIDGET-PRO,1,31.78,east
2025-09-13,CABLE-USB,10,816.83,north
2025-10-14,DOCK-HDMI,3,194.10,south
2025-11-15,KEYCAP-SET,10,322.40,eu
2025-12-16,INVOICE-PAD,4,162.36,apac
2025-01-17,WIDGET-1,10,552.30,west
2025-02-18,WIDGET-PRO,8,645.83,east
2025-03-19,CABLE-USB,10,98.55,north
2025-04-20,DOCK-HDMI,11,585.47,south
2025-05-21,KEYCAP-SET,6,84.52,eu
2025-06-22,INVOICE-PAD,8,681.36,apac
2025-07-23,WIDGET-1,10,735.28,west
2025-08-24,WIDGET-PRO,11,655.29,east
2025-09-25,CABLE-USB,5,36.06,north
2025-10-26,DOCK-HDMI,7,186.43,south
2025-11-27,KEYCAP-SET,13,232.07,eu
2025-12-28,INVOICE-PAD,12,379.33,apac
2025-01-01,WIDGET-1,13,184.20,west
2025-02-02,WIDGET-PRO,7,56.97,east
2025-03-03,CABLE-USB,2,90.54,north
2025-04-04,DOCK-HDMI,13,954.68,south
2025-05-05,KEYCAP-SET,3,81.34,eu
2025-06-06,INVOICE-PAD,2,115.47,apac
2025-07-07,WIDGET-1,11,357.79,west
2025-08-08,WIDGET-PRO,11,647.91,east
2025-09-09,CABLE-USB,11,346.55,north
2025-10-10,DOCK-HDMI,3,136.52,south
2025-11-11,KEYCAP-SET,8,624.21,eu
2025-12-12,INVOICE-PAD,12,325.89,apac
2025-01-13,WIDGET-1,9,306.11,west
2025-02-14,WIDGET-PRO,3,28.94,east
2025-03-15,CABLE-USB,12,490.48,north
2025-04-16,DOCK-HDMI,5,391.77,south
2025-05-17,KEYCAP-SET,11,655.34,eu
2025-06-18,INVOICE-PAD,10,276.00,apac
2025-07-19,WIDGET-1,2,9.84,west
2025-08-20,WIDGET-PRO,3,78.18,east
2025-09-21,CABLE-USB,6,446.97,north
2025-10-22,DOCK-HDMI,7,429.47,south
2025-11-23,KEYCAP-SET,7,613.91,eu
2025-12-24,INVOICE-PAD,3,51.00,apac
2025-01-25,WIDGET-1,8,591.13,west
2025-02-26,WIDGET-PRO,1,30.13,east
2025-03-27,CABLE-USB,5,349.60,north
2025-04-28,DOCK-HDMI,5,35.36,south
2025-05-01,KEYCAP-SET,7,611.84,eu
2025-06-02,INVOICE-PAD,5,132.66,apac
2025-07-03,WIDGET-1,8,367.82,west
2025-08-04,WIDGET-PRO,10,716.01,east
2025-09-05,CABLE-USB,1,84.78,north
2025-10-06,DOCK-HDMI,5,337.19,south
2025-11-07,KEYCAP-SET,13,892.43,eu
2025-12-08,INVOICE-PAD,9,402.02,apac
2025-01-09,WIDGET-1,11,229.18,west
2025-02-10,WIDGET-PRO,5,382.82,east
2025-03-11,CABLE-USB,8,588.29,north
2025-04-12,DOCK-HDMI,5,289.46,south
2025-05-13,KEYCAP-SET,5,134.48,eu
2025-06-14,INVOICE-PAD,5,103.96,apac
2025-07-15,WIDGET-1,10,842.76,west
2025-08-16,WIDGET-PRO,1,38.61,east
2025-09-17,CABLE-USB,6,46.38,north
2025-10-18,DOCK-HDMI,1,31.00,south
2025-11-19,KEYCAP-SET,3,43.73,eu
2025-12-20,INVOICE-PAD,1,52.34,apac
2025-01-21,WIDGET-1,6,85.17,west
2025-02-22,WIDGET-PRO,9,553.06,east
2025-03-23,CABLE-USB,1,60.01,north
2025-04-24,DOCK-HDMI,1,79.37,south
2025-05-25,KEYCAP-SET,6,106.96,eu
2025-06-26,INVOICE-PAD,3,96.47,apac
2025-07-27,WIDGET-1,7,29.76,west
2025-08-28,WIDGET-PRO,13,736.32,east
2025-09-01,CABLE-USB,5,164.64,north
2025-10-02,DOCK-HDMI,7,108.19,south
2025-11-03,KEYCAP-SET,1,28.68,eu
2025-12-04,INVOICE-PAD,10,279.90,apac
2025-01-05,WIDGET-1,1,45.97,west
2025-02-06,WIDGET-PRO,5,63.84,east
2025-03-07,CABLE-USB,11,289.52,north
2025-04-08,DOCK-HDMI,10,685.31,south
2025-05-09,KEYCAP-SET,4,229.64,eu
2025-06-10,INVOICE-PAD,9,535.08,apac
2025-07-11,WIDGET-1,7,165.99,west
2025-08-12,WIDGET-PRO,12,247.46,east
2025-09-13,CABLE-USB,4,94.91,north
2025-10-14,DOCK-HDMI,3,218.85,south
2025-11-15,KEYCAP-SET,5,291.16,eu
2025-12-16,INVOICE-PAD,10,263.86,apac
2025-01-17,WIDGET-1,2,132.28,west
2025-02-18,WIDGET-PRO,5,200.39,east
2025-03-19,CABLE-USB,5,311.56,north
2025-04-20,DOCK-HDMI,2,103.13,south
2025-05-21,KEYCAP-SET,6,171.89,eu
2025-06-22,INVOICE-PAD,13,354.66,apac
2025-07-23,WIDGET-1,5,402.36,west
2025-08-24,WIDGET-PRO,9,506.31,east
2025-09-25,CABLE-USB,9,136.16,north
2025-10-26,DOCK-HDMI,9,451.80,south
2025-11-27,KEYCAP-SET,7,281.20,eu
2025-12-28,INVOICE-PAD,1,27.01,apac
2025-01-01,WIDGET-1,1,62.24,west
2025-02-02,WIDGET-PRO,10,475.35,east
2025-03-03,CABLE-USB,4,105.79,north
2025-04-04,DOCK-HDMI,6,109.97,south
2025-05-05,KEYCAP-SET,9,232.44,eu
2025-06-06,INVOICE-PAD,2,52.53,apac
2025-07-07,WIDGET-1,2,101.34,west
2025-08-08,WIDGET-PRO,3,224.94,east
2025-09-09,CABLE-USB,3,178.85,north
2025-10-10,DOCK-HDMI,4,136.29,south
2025-11-11,KEYCAP-SET,12,598.64,eu
2025-12-12,INVOICE-PAD,9,70.48,apac
2025-01-13,WIDGET-1,13,498.93,west
2025-02-14,WIDGET-PRO,6,245.94,east
2025-03-15,CABLE-USB,3,20.42,north
2025-04-16,DOCK-HDMI,11,385.54,south
2025-05-17,KEYCAP-SET,3,245.20,eu
2025-06-18,INVOICE-PAD,1,72.62,apac
2025-07-19,WIDGET-1,5,155.02,west
2025-08-20,WIDGET-PRO,2,28.68,east
2025-09-21,CABLE-USB,9,182.43,north
2025-10-22,DOCK-HDMI,8,427.14,south
2025-11-23,KEYCAP-SET,4,351.27,eu
2025-12-24,INVOICE-PAD,9,91.37,apac
2025-01-25,WIDGET-1,8,465.64,west
2025-02-26,WIDGET-PRO,11,208.71,east
2025-03-27,CABLE-USB,12,212.89,north
2025-04-28,DOCK-HDMI,13,107.07,south
2025-05-01,KEYCAP-SET,12,1066.29,eu
2025-06-02,INVOICE-PAD,10,51.60,apac
2025-07-03,WIDGET-1,11,409.46,west
2025-08-04,WIDGET-PRO,5,322.90,east
2025-09-05,CABLE-USB,6,469.69,north
2025-10-06,DOCK-HDMI,13,931.71,south
2025-11-07,KEYCAP-SET,4,339.66,eu
2025-12-08,INVOICE-PAD,6,104.50,apac
2025-01-09,WIDGET-1,10,758.93,west
2025-02-10,WIDGET-PRO,3,124.87,east
2025-03-11,CABLE-USB,2,168.53,north
2025-04-12,DOCK-HDMI,3,147.22,south
2025-05-13,KEYCAP-SET,2,31.18,eu
2025-06-14,INVOICE-PAD,7,228.86,apac
2025-07-15,WIDGET-1,1,9.50,west
2025-08-16,WIDGET-PRO,9,646.75,east
2025-09-17,CABLE-USB,8,494.20,north
2025-10-18,DOCK-HDMI,9,439.09,south
2025-11-19,KEYCAP-SET,12,390.20,eu
2025-12-20,INVOICE-PAD,8,652.82,apac
2025-01-21,WIDGET-1,3,66.56,west
2025-02-22,WIDGET-PRO,9,233.28,east
2025-03-23,CABLE-USB,8,308.44,north
2025-04-24,DOCK-HDMI,8,384.92,south
2025-05-25,KEYCAP-SET,3,111.72,eu
2025-06-26,INVOICE-PAD,3,226.79,apac
2025-07-27,WIDGET-1,8,546.65,west
2025-08-28,WIDGET-PRO,2,122.87,east
2025-09-01,CABLE-USB,2,151.59,north
2025-10-02,DOCK-HDMI,1,18.13,south
2025-11-03,KEYCAP-SET,4,348.70,eu
2025-12-04,INVOICE-PAD,1,15.85,apac
2025-01-05,WIDGET-1,1,10.56,west
2025-02-06,WIDGET-PRO,2,76.80,east
2025-03-07,CABLE-USB,1,80.58,north
2025-04-08,DOCK-HDMI,12,542.90,south
2025-05-09,KEYCAP-SET,9,300.65,eu
2025-06-10,INVOICE-PAD,1,79.85,apac
2025-07-11,WIDGET-1,6,170.47,west
2025-08-12,WIDGET-PRO,9,366.73,east
2025-09-13,CABLE-USB,7,320.63,north
2025-10-14,DOCK-HDMI,13,950.85,south
2025-11-15,KEYCAP-SET,1,11.87,eu
2025-12-16,INVOICE-PAD,8,388.91,apac
2025-01-17,WIDGET-1,4,230.08,west
2025-02-18,WIDGET-PRO,6,37.84,east
2025-03-19,CABLE-USB,7,121.26,north
2025-04-20,DOCK-HDMI,8,41.83,south
2025-05-21,KEYCAP-SET,13,77.96,eu
2025-06-22,INVOICE-PAD,1,78.60,apac
2025-07-23,WIDGET-1,4,202.61,west
2025-08-24,WIDGET-PRO,8,557.81,east
2025-09-25,CABLE-USB,4,261.39,north
2025-10-26,DOCK-HDMI,1,7.33,south
2025-11-27,KEYCAP-SET,13,83.26,eu
2025-12-28,INVOICE-PAD,1,41.25,apac
2025-01-01,WIDGET-1,12,230.75,west
2025-02-02,WIDGET-PRO,4,203.05,east
2025-03-03,CABLE-USB,13,879.75,north
2025-04-04,DOCK-HDMI,4,287.58,south
2025-05-05,KEYCAP-SET,12,867.60,eu
2025-06-06,INVOICE-PAD,2,40.38,apac
2025-07-07,WIDGET-1,10,339.34,west
2025-08-08,WIDGET-PRO,3,65.45,east
2025-09-09,CABLE-USB,9,777.25,north
2025-10-10,DOCK-HDMI,1,7.81,south
2025-11-11,KEYCAP-SET,1,67.91,eu
2025-12-12,INVOICE-PAD,13,949.35,apac
2025-01-13,WIDGET-1,5,375.77,west
2025-02-14,WIDGET-PRO,9,511.87,east
2025-03-15,CABLE-USB,13,1156.68,north
2025-04-16,DOCK-HDMI,7,382.05,south
2025-05-17,KEYCAP-SET,8,127.47,eu
2025-06-18,INVOICE-PAD,10,471.76,apac
2025-07-19,WIDGET-1,5,137.67,west
2025-08-20,WIDGET-PRO,6,251.89,east
2025-09-21,CABLE-USB,5,242.70,north
2025-10-22,DOCK-HDMI,3,109.18,south
2025-11-23,KEYCAP-SET,3,31.33,eu
2025-12-24,INVOICE-PAD,11,922.99,apac
2025-01-25,WIDGET-1,13,1074.52,west
2025-02-26,WIDGET-PRO,1,79.46,east
2025-03-27,CABLE-USB,2,62.45,north
2025-04-28,DOCK-HDMI,3,236.84,south
2025-05-01,KEYCAP-SET,10,157.11,eu
2025-06-02,INVOICE-PAD,5,342.51,apac
2025-07-03,WIDGET-1,3,145.60,west
2025-08-04,WIDGET-PRO,9,689.49,east
2025-09-05,CABLE-USB,10,418.03,north
2025-10-06,DOCK-HDMI,6,23.94,south
2025-11-07,KEYCAP-SET,6,200.78,eu
2025-12-08,INVOICE-PAD,3,185.48,apac
2025-01-09,WIDGET-1,10,858.05,west
2025-02-10,WIDGET-PRO,10,676.92,east
2025-03-11,CABLE-USB,5,229.23,north
2025-04-12,DOCK-HDMI,8,486.96,south
2025-05-13,KEYCAP-SET,2,80.42,eu
2025-06-14,INVOICE-PAD,7,374.61,apac
2025-07-15,WIDGET-1,10,187.50,west
2025-08-16,WIDGET-PRO,8,58.87,east
2025-09-17,CABLE-USB,2,25.69,north
2025-10-18,DOCK-HDMI,4,308.49,south
2025-11-19,KEYCAP-SET,4,226.84,eu
2025-12-20,INVOICE-PAD,6,413.82,apac
2025-01-21,WIDGET-1,8,468.44,west
2025-02-22,WIDGET-PRO,5,98.00,east
2025-03-23,CABLE-USB,13,415.52,north
2025-04-24,DOCK-HDMI,9,788.69,south
2025-05-25,KEYCAP-SET,2,63.33,eu
2025-06-26,INVOICE-PAD,13,366.67,apac
2025-07-27,WIDGET-1,13,404.74,west
2025-08-28,WIDGET-PRO,9,339.34,east
2025-09-01,CABLE-USB,12,941.78,north
2025-10-02,DOCK-HDMI,8,100.53,south
2025-11-03,KEYCAP-SET,2,148.72,eu
2025-12-04,INVOICE-PAD,4,244.06,apac
2025-01-05,WIDGET-1,8,421.72,west
2025-02-06,WIDGET-PRO,6,211.10,east
2025-03-07,CABLE-USB,13,387.81,north
2025-04-08,DOCK-HDMI,2,95.13,south
2025-05-09,KEYCAP-SET,13,998.39,eu
2025-06-10,INVOICE-PAD,1,37.85,apac
2025-07-11,WIDGET-1,10,758.26,west
2025-08-12,WIDGET-PRO,9,182.79,east
2025-09-13,CABLE-USB,3,104.05,north
2025-10-14,DOCK-HDMI,12,1027.76,south
2025-11-15,KEYCAP-SET,5,198.04,eu
2025-12-16,INVOICE-PAD,11,65.24,apac
2025-01-17,WIDGET-1,3,178.78,west
2025-02-18,WIDGET-PRO,9,51.90,east
2025-03-19,CABLE-USB,13,947.63,north
2025-04-20,DOCK-HDMI,6,215.66,south
2025-05-21,KEYCAP-SET,3,130.89,eu
2025-06-22,INVOICE-PAD,10,838.28,apac
2025-07-23,WIDGET-1,11,662.43,west
2025-08-24,WIDGET-PRO,5,195.20,east
2025-09-25,CABLE-USB,2,151.41,north
2025-10-26,DOCK-HDMI,7,439.11,south
2025-11-27,KEYCAP-SET,10,846.28,eu
2025-12-28,INVOICE-PAD,13,143.35,apac
2025-01-01,WIDGET-1,9,169.14,west
2025-02-02,WIDGET-PRO,2,29.62,east
2025-03-03,CABLE-USB,2,51.21,north
2025-04-04,DOCK-HDMI,4,354.51,south
2025-05-05,KEYCAP-SET,8,61.21,eu
2025-06-06,INVOICE-PAD,9,448.53,apac
2025-07-07,WIDGET-1,2,170.58,west
2025-08-08,WIDGET-PRO,12,965.32,east
2025-09-09,CABLE-USB,1,4.64,north
2025-10-10,DOCK-HDMI,4,52.64,south
2025-11-11,KEYCAP-SET,1,67.32,eu
2025-12-12,INVOICE-PAD,7,174.44,apac
2025-01-13,WIDGET-1,7,588.26,west
2025-02-14,WIDGET-PRO,6,169.19,east
2025-03-15,CABLE-USB,8,46.32,north
2025-04-16,DOCK-HDMI,1,67.85,south
2025-05-17,KEYCAP-SET,3,175.90,eu
2025-06-18,INVOICE-PAD,8,142.98,apac
2025-07-19,WIDGET-1,7,247.59,west
2025-08-20,WIDGET-PRO,10,288.95,east
2025-09-21,CABLE-USB,13,355.40,north
2025-10-22,DOCK-HDMI,9,336.82,south
2025-11-23,KEYCAP-SET,8,710.52,eu
2025-12-24,INVOICE-PAD,6,219.73,apac
2025-01-25,WIDGET-1,8,144.33,west
2025-02-26,WIDGET-PRO,2,115.12,east
2025-03-27,CABLE-USB,5,241.66,north
2025-04-28,DOCK-HDMI,4,193.78,south
2025-05-01,KEYCAP-SET,9,257.58,eu
2025-06-02,INVOICE-PAD,10,534.28,apac
2025-07-03,WIDGET-1,1,62.28,west
2025-08-04,WIDGET-PRO,1,75.43,east
2025-09-05,CABLE-USB,1,69.09,north
2025-10-06,DOCK-HDMI,4,110.91,south
2025-11-07,KEYCAP-SET,11,120.02,eu
2025-12-08,INVOICE-PAD,11,164.39,apac
2025-01-09,WIDGET-1,6,423.69,west
2025-02-10,WIDGET-PRO,7,463.66,east
2025-03-11,CABLE-USB,3,205.09,north
2025-04-12,DOCK-HDMI,11,888.02,south
2025-05-13,KEYCAP-SET,3,77.91,eu
2025-06-14,INVOICE-PAD,11,910.83,apac
2025-07-15,WIDGET-1,8,706.08,west
2025-08-16,WIDGET-PRO,13,900.14,east
2025-09-17,CABLE-USB,13,242.92,north
2025-10-18,DOCK-HDMI,9,727.51,south
2025-11-19,KEYCAP-SET,11,592.01,eu
2025-12-20,INVOICE-PAD,4,329.00,apac
2025-01-21,WIDGET-1,3,14.41,west
2025-02-22,WIDGET-PRO,5,335.26,east
2025-03-23,CABLE-USB,3,75.02,north
2025-04-24,DOCK-HDMI,8,163.24,south
2025-05-25,KEYCAP-SET,4,181.30,eu
2025-06-26,INVOICE-PAD,10,322.49,apac
2025-07-27,WIDGET-1,2,18.41,west
2025-08-28,WIDGET-PRO,12,677.83,east
2025-09-01,CABLE-USB,1,22.17,north
2025-10-02,DOCK-HDMI,9,695.32,south
2025-11-03,KEYCAP-SET,3,104.18,eu
2025-12-04,INVOICE-PAD,4,209.43,apac
2025-01-05,WIDGET-1,5,341.99,west
2025-02-06,WIDGET-PRO,7,306.67,east
2025-03-07,CABLE-USB,2,83.69,north
2025-04-08,DOCK-HDMI,8,611.96,south
2025-05-09,KEYCAP-SET,2,145.01,eu
2025-06-10,INVOICE-PAD,4,346.47,apac
2025-07-11,WIDGET-1,13,1085.50,west
2025-08-12,WIDGET-PRO,8,91.17,east
2025-09-13,CABLE-USB,10,818.78,north
2025-10-14,DOCK-HDMI,4,238.11,south
2025-11-15,KEYCAP-SET,6,160.39,eu
2025-12-16,INVOICE-PAD,12,449.66,apac
2025-01-17,WIDGET-1,4,27.28,west
2025-02-18,WIDGET-PRO,1,32.25,east
2025-03-19,CABLE-USB,3,44.87,north
2025-04-20,DOCK-HDMI,9,81.75,south
2025-05-21,KEYCAP-SET,10,472.00,eu
2025-06-22,INVOICE-PAD,8,469.79,apac
2025-07-23,WIDGET-1,2,117.29,west
2025-08-24,WIDGET-PRO,6,373.46,east
2025-09-25,CABLE-USB,1,31.25,north
2025-10-26,DOCK-HDMI,13,286.20,south
2025-11-27,KEYCAP-SET,7,381.23,eu
2025-12-28,INVOICE-PAD,11,305.56,apac
2025-01-01,WIDGET-1,12,914.35,west
2025-02-02,WIDGET-PRO,2,60.84,east
2025-03-03,CABLE-USB,6,282.43,north
2025-04-04,DOCK-HDMI,6,93.37,south
2025-05-05,KEYCAP-SET,5,373.17,eu
2025-06-06,INVOICE-PAD,11,777.92,apac
2025-07-07,WIDGET-1,3,244.91,west
2025-08-08,WIDGET-PRO,4,46.48,east
2025-09-09,CABLE-USB,9,189.52,north
2025-10-10,DOCK-HDMI,13,131.24,south
2025-11-11,KEYCAP-SET,1,33.77,eu
2025-12-12,INVOICE-PAD,10,354.53,apac
2025-01-13,WIDGET-1,4,294.93,west
2025-02-14,WIDGET-PRO,10,462.34,east
2025-03-15,CABLE-USB,2,177.91,north
2025-04-16,DOCK-HDMI,2,47.70,south
2025-05-17,KEYCAP-SET,12,49.79,eu
2025-06-18,INVOICE-PAD,7,286.12,apac
2025-07-19,WIDGET-1,7,226.51,west
2025-08-20,WIDGET-PRO,10,716.34,east
2025-09-21,CABLE-USB,4,75.05,north
2025-10-22,DOCK-HDMI,5,306.46,south
2025-11-23,KEYCAP-SET,3,263.69,eu
2025-12-24,INVOICE-PAD,8,470.34,apac
2025-01-25,WIDGET-1,12,533.41,west
2025-02-26,WIDGET-PRO,7,450.33,east
2025-03-27,CABLE-USB,5,210.03,north
2025-04-28,DOCK-HDMI,7,425.29,south
2025-05-01,KEYCAP-SET,5,91.24,eu
2025-06-02,INVOICE-PAD,6,243.30,apac
2025-07-03,WIDGET-1,10,632.77,west
2025-08-04,WIDGET-PRO,3,141.51,east
2025-09-05,CABLE-USB,1,55.85,north
2025-10-06,DOCK-HDMI,12,730.41,south
2025-11-07,KEYCAP-SET,10,86.68,eu
2025-12-08,INVOICE-PAD,6,45.92,apac
2025-01-09,WIDGET-1,11,216.64,west
2025-02-10,WIDGET-PRO,2,81.97,east
2025-03-11,CABLE-USB,13,645.37,north
2025-04-12,DOCK-HDMI,3,55.44,south
2025-05-13,KEYCAP-SET,4,246.96,eu
2025-06-14,INVOICE-PAD,13,932.00,apac
2025-07-15,WIDGET-1,7,246.01,west
2025-08-16,WIDGET-PRO,3,116.01,east
